INSERT INTO `homework`.`student` (`student_id`, `password`, `name`, `ssn`, `birthday`, `graduate_date`, `position`) VALUES ('1', '000', 'student1', '777-77-7777', '1996-02-23', '2018-06-07', 'student');
INSERT INTO `homework`.`student` (`student_id`, `password`, `name`, `ssn`, `birthday`, `graduate_date`, `position`) VALUES ('2', '000', 'student2', '777-77-7777', '1996-02-23', '2018-06-07', 'student');
INSERT INTO `homework`.`student` (`student_id`, `password`, `name`, `ssn`, `birthday`, `graduate_date`, `position`) VALUES ('3', '000', 'student3', '777-77-7777', '1996-02-23', '2018-06-07', 'student');
INSERT INTO `homework`.`student` (`student_id`, `password`, `name`, `ssn`, `birthday`, `graduate_date`, `position`) VALUES ('4', '000', 'student4', '777-77-7777', '1996-02-23', '2018-06-07', 'student');
INSERT INTO `homework`.`student` (`student_id`, `password`, `name`, `ssn`, `birthday`, `graduate_date`, `position`) VALUES ('5', '000', 'student5', '777-77-7777', '1996-02-23', '2018-06-07', 'student');
INSERT INTO `homework`.`student` (`student_id`, `password`, `name`, `ssn`, `birthday`, `graduate_date`, `position`) VALUES ('6', '000', 'student6', '777-77-7777', '1996-02-23', '2018-06-07', 'student');
INSERT INTO `homework`.`student` (`student_id`, `password`, `name`, `ssn`, `birthday`, `graduate_date`, `position`) VALUES ('7', '000', 'student7', '777-77-7777', '1996-02-23', '2018-06-07', 'student');
INSERT INTO `homework`.`student` (`student_id`, `password`, `name`, `ssn`, `birthday`, `graduate_date`, `position`) VALUES ('8', '000', 'student8', '777-77-7777', '1996-02-23', '2018-06-07', 'student');
INSERT INTO `homework`.`student` (`student_id`, `password`, `name`, `ssn`, `birthday`, `graduate_date`, `position`) VALUES ('9', '000', 'student9', '777-77-7777', '1996-02-23', '2018-06-07', 'student');
INSERT INTO `homework`.`student` (`student_id`, `password`, `name`, `ssn`, `birthday`, `graduate_date`, `position`) VALUES ('10', '000', 'student10', '777-77-7777', '1996-02-23', '2018-06-07', 'student');
INSERT INTO `homework`.`student` (`student_id`, `password`, `name`, `ssn`, `birthday`, `graduate_date`, `position`) VALUES ('11', '000', 'student11', '777-77-7777', '1996-02-23', '2018-06-07', 'student');
INSERT INTO `homework`.`student` (`student_id`, `password`, `name`, `ssn`, `birthday`, `graduate_date`, `position`) VALUES ('12', '000', 'student12', '777-77-7777', '1996-02-23', '2018-06-07', 'student');
INSERT INTO `homework`.`student` (`student_id`, `password`, `name`, `ssn`, `birthday`, `graduate_date`, `position`) VALUES ('13', '000', 'student13', '777-77-7777', '1996-02-23', '2018-06-07', 'student');
INSERT INTO `homework`.`student` (`student_id`, `password`, `name`, `ssn`, `birthday`, `graduate_date`, `position`) VALUES ('14', '000', 'student14', '777-77-7777', '1996-02-23', '2018-06-07', 'student');
INSERT INTO `homework`.`student` (`student_id`, `password`, `name`, `ssn`, `birthday`, `graduate_date`, `position`) VALUES ('15', '000', 'student15', '777-77-7777', '1996-02-23', '2018-06-07', 'student');

INSERT INTO `homework`.`course` (`course_id`, `name`, `day`, `time`, `term`, `type`) VALUES ('1', 'course1', 'Mon', '1', '201402', 'compulsory');
INSERT INTO `homework`.`course` (`course_id`, `name`, `day`, `time`, `term`, `type`) VALUES ('2', 'course2', 'Tue', '2', '201402', 'compulsory');
INSERT INTO `homework`.`course` (`course_id`, `name`, `day`, `time`, `term`, `type`) VALUES ('3', 'course3', 'Wed', '3', '201402', 'compulsory');
INSERT INTO `homework`.`course` (`course_id`, `name`, `day`, `time`, `term`, `type`) VALUES ('4', 'course4', 'Thur', '4', '201402', 'compulsory');
INSERT INTO `homework`.`course` (`course_id`, `name`, `day`, `time`, `term`, `type`) VALUES ('5', 'course5', 'Fri', '5', '201402', 'optional');
INSERT INTO `homework`.`course` (`course_id`, `name`, `day`, `time`, `term`, `type`) VALUES ('6', 'course6', 'Mon', '6', '201402', 'optional');
INSERT INTO `homework`.`course` (`course_id`, `name`, `day`, `time`, `term`, `type`) VALUES ('7', 'course1', 'Mon', '1', '201502', 'compulsory');
INSERT INTO `homework`.`course` (`course_id`, `name`, `day`, `time`, `term`, `type`) VALUES ('8', 'course2', 'Tue', '2', '201502', 'compulsory');
INSERT INTO `homework`.`course` (`course_id`, `name`, `day`, `time`, `term`, `type`) VALUES ('9', 'course3', 'Wed', '3', '201502', 'compulsory');
INSERT INTO `homework`.`course` (`course_id`, `name`, `day`, `time`, `term`, `type`) VALUES ('10', 'course4', 'Thur', '4', '201502', 'compulsory');
INSERT INTO `homework`.`course` (`course_id`, `name`, `day`, `time`, `term`, `type`) VALUES ('11', 'course5', 'Fri', '5', '201502', 'optional');
INSERT INTO `homework`.`course` (`course_id`, `name`, `day`, `time`, `term`, `type`) VALUES ('12', 'course6', 'Mon', '2', '201502', 'optional');
INSERT INTO `homework`.`course` (`course_id`, `name`, `day`, `time`, `term`, `type`) VALUES ('13', 'course7', 'Tue', '3', '201502', 'compulsory');
INSERT INTO `homework`.`course` (`course_id`, `name`, `day`, `time`, `term`, `type`) VALUES ('14', 'course8', 'Wed', '4', '201502', 'compulsory');
INSERT INTO `homework`.`course` (`course_id`, `name`, `day`, `time`, `term`, `type`) VALUES ('15', 'course9', 'Thur', '5', '201502', 'compulsory');
INSERT INTO `homework`.`course` (`course_id`, `name`, `day`, `time`, `term`, `type`) VALUES ('16', 'course10', 'Fri', '1', '201502', 'compulsory');
INSERT INTO `homework`.`course` (`course_id`, `name`, `day`, `time`, `term`, `type`) VALUES ('17', 'course11', 'Mon', '1', '201502', 'optional');
INSERT INTO `homework`.`course` (`course_id`, `name`, `day`, `time`, `term`, `type`) VALUES ('18', 'course12', 'Tue', '2', '201502', 'optional');

INSERT INTO `homework`.`professor` (`professor_id`, `password`, `name`, `birthday`, `position`, `department`, `ssn`) VALUES ('1', '000', 'professor1', '1970-01-01', 'professor', 'computer', '666-66-6666');
INSERT INTO `homework`.`professor` (`professor_id`, `password`, `name`, `birthday`, `position`, `department`, `ssn`) VALUES ('2', '000', 'professor2', '1970-01-01', 'professor', 'computer', '666-66-6666');
INSERT INTO `homework`.`professor` (`professor_id`, `password`, `name`, `birthday`, `position`, `department`, `ssn`) VALUES ('3', '000', 'professor3', '1970-01-01', 'professor', 'computer', '666-66-6666');
INSERT INTO `homework`.`professor` (`professor_id`, `password`, `name`, `birthday`, `position`, `department`, `ssn`) VALUES ('4', '000', 'professor4', '1970-01-01', 'professor', 'computer', '666-66-6666');
INSERT INTO `homework`.`professor` (`professor_id`, `password`, `name`, `birthday`, `position`, `department`, `ssn`) VALUES ('5', '000', 'professor5', '1970-01-01', 'professor', 'computer', '666-66-6666');

INSERT INTO `homework`.`registrar` (`registrar_id`, `password`, `name`) VALUES ('1', '123', 'registrar1');
INSERT INTO `homework`.`registrar` (`registrar_id`, `password`, `name`) VALUES ('2', '123', 'registrar2');

INSERT INTO `homework`.`professor_course` (`professor_course_id`, `course_id`, `professor_id`) VALUES ('1', '1', '1');
INSERT INTO `homework`.`professor_course` (`professor_course_id`, `course_id`, `professor_id`) VALUES ('2', '2', '2');
INSERT INTO `homework`.`professor_course` (`professor_course_id`, `course_id`, `professor_id`) VALUES ('3', '3', '3');
INSERT INTO `homework`.`professor_course` (`professor_course_id`, `course_id`, `professor_id`) VALUES ('4', '4', '4');
INSERT INTO `homework`.`professor_course` (`professor_course_id`, `course_id`, `professor_id`) VALUES ('5', '5', '5');
INSERT INTO `homework`.`professor_course` (`professor_course_id`, `course_id`, `professor_id`) VALUES ('6', '6', '1');
INSERT INTO `homework`.`professor_course` (`professor_course_id`, `course_id`, `professor_id`) VALUES ('7', '7', '1');
INSERT INTO `homework`.`professor_course` (`professor_course_id`, `course_id`, `professor_id`) VALUES ('8', '8', '2');
INSERT INTO `homework`.`professor_course` (`professor_course_id`, `course_id`, `professor_id`) VALUES ('9', '9', '3');
INSERT INTO `homework`.`professor_course` (`professor_course_id`, `course_id`, `professor_id`) VALUES ('10', '10', '4');
INSERT INTO `homework`.`professor_course` (`professor_course_id`, `course_id`, `professor_id`) VALUES ('11', '11', '5');
INSERT INTO `homework`.`professor_course` (`professor_course_id`, `course_id`, `professor_id`) VALUES ('12', '12', '1');
INSERT INTO `homework`.`professor_course` (`professor_course_id`, `course_id`, `professor_id`) VALUES ('13', '13', '2');
INSERT INTO `homework`.`professor_course` (`professor_course_id`, `course_id`, `professor_id`) VALUES ('14', '14', '3');
INSERT INTO `homework`.`professor_course` (`professor_course_id`, `course_id`, `professor_id`) VALUES ('15', '15', '4');
INSERT INTO `homework`.`professor_course` (`professor_course_id`, `course_id`, `professor_id`) VALUES ('16', '16', '5');
INSERT INTO `homework`.`professor_course` (`professor_course_id`, `course_id`, `professor_id`) VALUES ('17', '17', '4');
INSERT INTO `homework`.`professor_course` (`professor_course_id`, `course_id`, `professor_id`) VALUES ('18', '18', '5');

INSERT INTO `homework`.`s_c_save` (`s_c_save_id`, `student_id`, `professor_course_id`) VALUES ('1', '1', '1');
INSERT INTO `homework`.`s_c_save` (`s_c_save_id`, `student_id`, `professor_course_id`) VALUES ('2', '1', '2');
INSERT INTO `homework`.`s_c_save` (`s_c_save_id`, `student_id`, `professor_course_id`) VALUES ('3', '1', '3');
INSERT INTO `homework`.`s_c_save` (`s_c_save_id`, `student_id`, `professor_course_id`) VALUES ('4', '1', '4');
INSERT INTO `homework`.`s_c_save` (`s_c_save_id`, `student_id`, `professor_course_id`) VALUES ('5', '1', '5');
INSERT INTO `homework`.`s_c_save` (`s_c_save_id`, `student_id`, `professor_course_id`) VALUES ('6', '1', '6');
INSERT INTO `homework`.`s_c_save` (`s_c_save_id`, `student_id`, `professor_course_id`) VALUES ('7', '2', '1');
INSERT INTO `homework`.`s_c_save` (`s_c_save_id`, `student_id`, `professor_course_id`) VALUES ('8', '2', '2');
INSERT INTO `homework`.`s_c_save` (`s_c_save_id`, `student_id`, `professor_course_id`) VALUES ('9', '2', '3');
INSERT INTO `homework`.`s_c_save` (`s_c_save_id`, `student_id`, `professor_course_id`) VALUES ('10', '2', '4');
INSERT INTO `homework`.`s_c_save` (`s_c_save_id`, `student_id`, `professor_course_id`) VALUES ('11', '2', '5');
INSERT INTO `homework`.`s_c_save` (`s_c_save_id`, `student_id`, `professor_course_id`) VALUES ('12', '2', '6');
INSERT INTO `homework`.`s_c_save` (`s_c_save_id`, `student_id`, `professor_course_id`) VALUES ('13', '3', '1');
INSERT INTO `homework`.`s_c_save` (`s_c_save_id`, `student_id`, `professor_course_id`) VALUES ('14', '3', '2');
INSERT INTO `homework`.`s_c_save` (`s_c_save_id`, `student_id`, `professor_course_id`) VALUES ('15', '3', '3');
INSERT INTO `homework`.`s_c_save` (`s_c_save_id`, `student_id`, `professor_course_id`) VALUES ('16', '3', '4');
INSERT INTO `homework`.`s_c_save` (`s_c_save_id`, `student_id`, `professor_course_id`) VALUES ('17', '3', '5');
INSERT INTO `homework`.`s_c_save` (`s_c_save_id`, `student_id`, `professor_course_id`) VALUES ('18', '3', '6');
INSERT INTO `homework`.`s_c_save` (`s_c_save_id`, `student_id`, `professor_course_id`) VALUES ('19', '4', '1');
INSERT INTO `homework`.`s_c_save` (`s_c_save_id`, `student_id`, `professor_course_id`) VALUES ('20', '4', '2');
INSERT INTO `homework`.`s_c_save` (`s_c_save_id`, `student_id`, `professor_course_id`) VALUES ('21', '4', '3');
INSERT INTO `homework`.`s_c_save` (`s_c_save_id`, `student_id`, `professor_course_id`) VALUES ('22', '4', '4');
INSERT INTO `homework`.`s_c_save` (`s_c_save_id`, `student_id`, `professor_course_id`) VALUES ('23', '4', '5');
INSERT INTO `homework`.`s_c_save` (`s_c_save_id`, `student_id`, `professor_course_id`) VALUES ('24', '4', '6');
INSERT INTO `homework`.`s_c_save` (`s_c_save_id`, `student_id`, `professor_course_id`) VALUES ('25', '5', '1');
INSERT INTO `homework`.`s_c_save` (`s_c_save_id`, `student_id`, `professor_course_id`) VALUES ('26', '5', '2');
INSERT INTO `homework`.`s_c_save` (`s_c_save_id`, `student_id`, `professor_course_id`) VALUES ('27', '5', '3');
INSERT INTO `homework`.`s_c_save` (`s_c_save_id`, `student_id`, `professor_course_id`) VALUES ('28', '5', '4');
INSERT INTO `homework`.`s_c_save` (`s_c_save_id`, `student_id`, `professor_course_id`) VALUES ('29', '5', '5');
INSERT INTO `homework`.`s_c_save` (`s_c_save_id`, `student_id`, `professor_course_id`) VALUES ('30', '5', '6');
INSERT INTO `homework`.`s_c_save` (`s_c_save_id`, `student_id`, `professor_course_id`) VALUES ('31', '6', '1');
INSERT INTO `homework`.`s_c_save` (`s_c_save_id`, `student_id`, `professor_course_id`) VALUES ('32', '6', '2');
INSERT INTO `homework`.`s_c_save` (`s_c_save_id`, `student_id`, `professor_course_id`) VALUES ('33', '6', '3');
INSERT INTO `homework`.`s_c_save` (`s_c_save_id`, `student_id`, `professor_course_id`) VALUES ('34', '6', '4');
INSERT INTO `homework`.`s_c_save` (`s_c_save_id`, `student_id`, `professor_course_id`) VALUES ('35', '6', '5');
INSERT INTO `homework`.`s_c_save` (`s_c_save_id`, `student_id`, `professor_course_id`) VALUES ('36', '6', '6');
INSERT INTO `homework`.`s_c_save` (`s_c_save_id`, `student_id`, `professor_course_id`) VALUES ('37', '7', '1');
INSERT INTO `homework`.`s_c_save` (`s_c_save_id`, `student_id`, `professor_course_id`) VALUES ('38', '7', '2');
INSERT INTO `homework`.`s_c_save` (`s_c_save_id`, `student_id`, `professor_course_id`) VALUES ('39', '7', '3');
INSERT INTO `homework`.`s_c_save` (`s_c_save_id`, `student_id`, `professor_course_id`) VALUES ('40', '7', '4');
INSERT INTO `homework`.`s_c_save` (`s_c_save_id`, `student_id`, `professor_course_id`) VALUES ('41', '7', '5');
INSERT INTO `homework`.`s_c_save` (`s_c_save_id`, `student_id`, `professor_course_id`) VALUES ('42', '7', '6');
INSERT INTO `homework`.`s_c_save` (`s_c_save_id`, `student_id`, `professor_course_id`) VALUES ('43', '8', '1');
INSERT INTO `homework`.`s_c_save` (`s_c_save_id`, `student_id`, `professor_course_id`) VALUES ('44', '8', '2');
INSERT INTO `homework`.`s_c_save` (`s_c_save_id`, `student_id`, `professor_course_id`) VALUES ('45', '8', '3');
INSERT INTO `homework`.`s_c_save` (`s_c_save_id`, `student_id`, `professor_course_id`) VALUES ('46', '8', '4');
INSERT INTO `homework`.`s_c_save` (`s_c_save_id`, `student_id`, `professor_course_id`) VALUES ('47', '8', '5');
INSERT INTO `homework`.`s_c_save` (`s_c_save_id`, `student_id`, `professor_course_id`) VALUES ('48', '8', '6');
INSERT INTO `homework`.`s_c_save` (`s_c_save_id`, `student_id`, `professor_course_id`) VALUES ('49', '9', '1');
INSERT INTO `homework`.`s_c_save` (`s_c_save_id`, `student_id`, `professor_course_id`) VALUES ('50', '9', '2');
INSERT INTO `homework`.`s_c_save` (`s_c_save_id`, `student_id`, `professor_course_id`) VALUES ('51', '9', '3');
INSERT INTO `homework`.`s_c_save` (`s_c_save_id`, `student_id`, `professor_course_id`) VALUES ('52', '9', '4');
INSERT INTO `homework`.`s_c_save` (`s_c_save_id`, `student_id`, `professor_course_id`) VALUES ('53', '9', '5');
INSERT INTO `homework`.`s_c_save` (`s_c_save_id`, `student_id`, `professor_course_id`) VALUES ('54', '9', '6');
INSERT INTO `homework`.`s_c_save` (`s_c_save_id`, `student_id`, `professor_course_id`) VALUES ('55', '10', '1');
INSERT INTO `homework`.`s_c_save` (`s_c_save_id`, `student_id`, `professor_course_id`) VALUES ('56', '10', '2');
INSERT INTO `homework`.`s_c_save` (`s_c_save_id`, `student_id`, `professor_course_id`) VALUES ('57', '10', '3');
INSERT INTO `homework`.`s_c_save` (`s_c_save_id`, `student_id`, `professor_course_id`) VALUES ('58', '10', '4');
INSERT INTO `homework`.`s_c_save` (`s_c_save_id`, `student_id`, `professor_course_id`) VALUES ('59', '10', '5');
INSERT INTO `homework`.`s_c_save` (`s_c_save_id`, `student_id`, `professor_course_id`) VALUES ('60', '10', '6');
INSERT INTO `homework`.`s_c_save` (`s_c_save_id`, `student_id`, `professor_course_id`) VALUES ('61', '11', '1');
INSERT INTO `homework`.`s_c_save` (`s_c_save_id`, `student_id`, `professor_course_id`) VALUES ('62', '11', '2');
INSERT INTO `homework`.`s_c_save` (`s_c_save_id`, `student_id`, `professor_course_id`) VALUES ('63', '11', '3');
INSERT INTO `homework`.`s_c_save` (`s_c_save_id`, `student_id`, `professor_course_id`) VALUES ('64', '11', '4');
INSERT INTO `homework`.`s_c_save` (`s_c_save_id`, `student_id`, `professor_course_id`) VALUES ('65', '11', '5');
INSERT INTO `homework`.`s_c_save` (`s_c_save_id`, `student_id`, `professor_course_id`) VALUES ('66', '11', '6');
INSERT INTO `homework`.`s_c_save` (`s_c_save_id`, `student_id`, `professor_course_id`) VALUES ('67', '12', '1');
INSERT INTO `homework`.`s_c_save` (`s_c_save_id`, `student_id`, `professor_course_id`) VALUES ('68', '12', '2');
INSERT INTO `homework`.`s_c_save` (`s_c_save_id`, `student_id`, `professor_course_id`) VALUES ('69', '12', '3');
INSERT INTO `homework`.`s_c_save` (`s_c_save_id`, `student_id`, `professor_course_id`) VALUES ('70', '12', '4');
INSERT INTO `homework`.`s_c_save` (`s_c_save_id`, `student_id`, `professor_course_id`) VALUES ('71', '12', '5');
INSERT INTO `homework`.`s_c_save` (`s_c_save_id`, `student_id`, `professor_course_id`) VALUES ('72', '12', '6');
INSERT INTO `homework`.`s_c_save` (`s_c_save_id`, `student_id`, `professor_course_id`) VALUES ('73', '13', '1');
INSERT INTO `homework`.`s_c_save` (`s_c_save_id`, `student_id`, `professor_course_id`) VALUES ('74', '13', '2');
INSERT INTO `homework`.`s_c_save` (`s_c_save_id`, `student_id`, `professor_course_id`) VALUES ('75', '13', '3');
INSERT INTO `homework`.`s_c_save` (`s_c_save_id`, `student_id`, `professor_course_id`) VALUES ('76', '13', '4');
INSERT INTO `homework`.`s_c_save` (`s_c_save_id`, `student_id`, `professor_course_id`) VALUES ('77', '13', '5');
INSERT INTO `homework`.`s_c_save` (`s_c_save_id`, `student_id`, `professor_course_id`) VALUES ('78', '13', '6');
INSERT INTO `homework`.`s_c_save` (`s_c_save_id`, `student_id`, `professor_course_id`) VALUES ('79', '14', '1');
INSERT INTO `homework`.`s_c_save` (`s_c_save_id`, `student_id`, `professor_course_id`) VALUES ('80', '14', '2');
INSERT INTO `homework`.`s_c_save` (`s_c_save_id`, `student_id`, `professor_course_id`) VALUES ('81', '14', '3');
INSERT INTO `homework`.`s_c_save` (`s_c_save_id`, `student_id`, `professor_course_id`) VALUES ('82', '14', '4');
INSERT INTO `homework`.`s_c_save` (`s_c_save_id`, `student_id`, `professor_course_id`) VALUES ('83', '14', '5');
INSERT INTO `homework`.`s_c_save` (`s_c_save_id`, `student_id`, `professor_course_id`) VALUES ('84', '14', '6');
INSERT INTO `homework`.`s_c_save` (`s_c_save_id`, `student_id`, `professor_course_id`) VALUES ('85', '15', '1');
INSERT INTO `homework`.`s_c_save` (`s_c_save_id`, `student_id`, `professor_course_id`) VALUES ('86', '15', '2');
INSERT INTO `homework`.`s_c_save` (`s_c_save_id`, `student_id`, `professor_course_id`) VALUES ('87', '15', '3');
INSERT INTO `homework`.`s_c_save` (`s_c_save_id`, `student_id`, `professor_course_id`) VALUES ('88', '15', '4');
INSERT INTO `homework`.`s_c_save` (`s_c_save_id`, `student_id`, `professor_course_id`) VALUES ('89', '15', '5');
INSERT INTO `homework`.`s_c_save` (`s_c_save_id`, `student_id`, `professor_course_id`) VALUES ('90', '15', '6');
INSERT INTO `homework`.`s_c_save` (`student_id`, `professor_course_id`) VALUES ('1', '7');
INSERT INTO `homework`.`s_c_save` (`student_id`, `professor_course_id`) VALUES ('1', '9');
INSERT INTO `homework`.`s_c_save` (`student_id`, `professor_course_id`) VALUES ('1', '12');
INSERT INTO `homework`.`s_c_save` (`student_id`, `professor_course_id`) VALUES ('1', '14');
INSERT INTO `homework`.`s_c_save` (`student_id`, `professor_course_id`) VALUES ('1', '16');
INSERT INTO `homework`.`s_c_save` (`student_id`, `professor_course_id`) VALUES ('1', '18');
INSERT INTO `homework`.`s_c_save` (`student_id`, `professor_course_id`) VALUES ('2', '7');
INSERT INTO `homework`.`s_c_save` (`student_id`, `professor_course_id`) VALUES ('2', '9');
INSERT INTO `homework`.`s_c_save` (`student_id`, `professor_course_id`) VALUES ('2', '12');
INSERT INTO `homework`.`s_c_save` (`student_id`, `professor_course_id`) VALUES ('2', '14');
INSERT INTO `homework`.`s_c_save` (`student_id`, `professor_course_id`) VALUES ('2', '16');
INSERT INTO `homework`.`s_c_save` (`student_id`, `professor_course_id`) VALUES ('2', '18');
INSERT INTO `homework`.`s_c_save` (`student_id`, `professor_course_id`) VALUES ('3', '7');
INSERT INTO `homework`.`s_c_save` (`student_id`, `professor_course_id`) VALUES ('3', '12');
INSERT INTO `homework`.`s_c_save` (`student_id`, `professor_course_id`) VALUES ('3', '13');
INSERT INTO `homework`.`s_c_save` (`student_id`, `professor_course_id`) VALUES ('3', '14');
INSERT INTO `homework`.`s_c_save` (`student_id`, `professor_course_id`) VALUES ('3', '16');
INSERT INTO `homework`.`s_c_save` (`student_id`, `professor_course_id`) VALUES ('3', '18');
INSERT INTO `homework`.`s_c_save` (`student_id`, `professor_course_id`) VALUES ('4', '7');
INSERT INTO `homework`.`s_c_save` (`student_id`, `professor_course_id`) VALUES ('4', '12');
INSERT INTO `homework`.`s_c_save` (`student_id`, `professor_course_id`) VALUES ('4', '13');
INSERT INTO `homework`.`s_c_save` (`student_id`, `professor_course_id`) VALUES ('4', '14');
INSERT INTO `homework`.`s_c_save` (`student_id`, `professor_course_id`) VALUES ('4', '16');
INSERT INTO `homework`.`s_c_save` (`student_id`, `professor_course_id`) VALUES ('4', '18');
INSERT INTO `homework`.`s_c_save` (`student_id`, `professor_course_id`) VALUES ('5', '7');
INSERT INTO `homework`.`s_c_save` (`student_id`, `professor_course_id`) VALUES ('5', '12');
INSERT INTO `homework`.`s_c_save` (`student_id`, `professor_course_id`) VALUES ('5', '13');
INSERT INTO `homework`.`s_c_save` (`student_id`, `professor_course_id`) VALUES ('5', '14');
INSERT INTO `homework`.`s_c_save` (`student_id`, `professor_course_id`) VALUES ('5', '16');
INSERT INTO `homework`.`s_c_save` (`student_id`, `professor_course_id`) VALUES ('5', '17');
INSERT INTO `homework`.`s_c_save` (`student_id`, `professor_course_id`) VALUES ('6', '7');
INSERT INTO `homework`.`s_c_save` (`student_id`, `professor_course_id`) VALUES ('6', '12');
INSERT INTO `homework`.`s_c_save` (`student_id`, `professor_course_id`) VALUES ('6', '13');
INSERT INTO `homework`.`s_c_save` (`student_id`, `professor_course_id`) VALUES ('6', '14');
INSERT INTO `homework`.`s_c_save` (`student_id`, `professor_course_id`) VALUES ('6', '15');
INSERT INTO `homework`.`s_c_save` (`student_id`, `professor_course_id`) VALUES ('6', '16');
INSERT INTO `homework`.`s_c_save` (`student_id`, `professor_course_id`) VALUES ('7', '7');
INSERT INTO `homework`.`s_c_save` (`student_id`, `professor_course_id`) VALUES ('7', '11');
INSERT INTO `homework`.`s_c_save` (`student_id`, `professor_course_id`) VALUES ('7', '12');
INSERT INTO `homework`.`s_c_save` (`student_id`, `professor_course_id`) VALUES ('7', '14');
INSERT INTO `homework`.`s_c_save` (`student_id`, `professor_course_id`) VALUES ('7', '15');
INSERT INTO `homework`.`s_c_save` (`student_id`, `professor_course_id`) VALUES ('7', '16');
INSERT INTO `homework`.`s_c_save` (`student_id`, `professor_course_id`) VALUES ('8', '11');
INSERT INTO `homework`.`s_c_save` (`student_id`, `professor_course_id`) VALUES ('8', '12');
INSERT INTO `homework`.`s_c_save` (`student_id`, `professor_course_id`) VALUES ('8', '14');
INSERT INTO `homework`.`s_c_save` (`student_id`, `professor_course_id`) VALUES ('8', '15');
INSERT INTO `homework`.`s_c_save` (`student_id`, `professor_course_id`) VALUES ('8', '16');
INSERT INTO `homework`.`s_c_save` (`student_id`, `professor_course_id`) VALUES ('8', '17');
INSERT INTO `homework`.`s_c_save` (`student_id`, `professor_course_id`) VALUES ('9', '8');
INSERT INTO `homework`.`s_c_save` (`student_id`, `professor_course_id`) VALUES ('9', '11');
INSERT INTO `homework`.`s_c_save` (`student_id`, `professor_course_id`) VALUES ('9', '12');
INSERT INTO `homework`.`s_c_save` (`student_id`, `professor_course_id`) VALUES ('9', '14');
INSERT INTO `homework`.`s_c_save` (`student_id`, `professor_course_id`) VALUES ('9', '15');
INSERT INTO `homework`.`s_c_save` (`student_id`, `professor_course_id`) VALUES ('9', '16');
INSERT INTO `homework`.`s_c_save` (`student_id`, `professor_course_id`) VALUES ('10', '8');
INSERT INTO `homework`.`s_c_save` (`student_id`, `professor_course_id`) VALUES ('10', '11');
INSERT INTO `homework`.`s_c_save` (`student_id`, `professor_course_id`) VALUES ('10', '13');
INSERT INTO `homework`.`s_c_save` (`student_id`, `professor_course_id`) VALUES ('10', '15');
INSERT INTO `homework`.`s_c_save` (`student_id`, `professor_course_id`) VALUES ('10', '16');
INSERT INTO `homework`.`s_c_save` (`student_id`, `professor_course_id`) VALUES ('10', '17');
INSERT INTO `homework`.`s_c_save` (`student_id`, `professor_course_id`) VALUES ('11', '8');
INSERT INTO `homework`.`s_c_save` (`student_id`, `professor_course_id`) VALUES ('11', '11');
INSERT INTO `homework`.`s_c_save` (`student_id`, `professor_course_id`) VALUES ('11', '13');
INSERT INTO `homework`.`s_c_save` (`student_id`, `professor_course_id`) VALUES ('11', '15');
INSERT INTO `homework`.`s_c_save` (`student_id`, `professor_course_id`) VALUES ('11', '17');
INSERT INTO `homework`.`s_c_save` (`student_id`, `professor_course_id`) VALUES ('11', '18');
INSERT INTO `homework`.`s_c_save` (`student_id`, `professor_course_id`) VALUES ('12', '8');
INSERT INTO `homework`.`s_c_save` (`student_id`, `professor_course_id`) VALUES ('12', '11');
INSERT INTO `homework`.`s_c_save` (`student_id`, `professor_course_id`) VALUES ('12', '15');
INSERT INTO `homework`.`s_c_save` (`student_id`, `professor_course_id`) VALUES ('12', '17');
INSERT INTO `homework`.`s_c_save` (`student_id`, `professor_course_id`) VALUES ('12', '18');
INSERT INTO `homework`.`s_c_save` (`student_id`, `professor_course_id`) VALUES ('12', '10');
INSERT INTO `homework`.`s_c_save` (`student_id`, `professor_course_id`) VALUES ('13', '8');
INSERT INTO `homework`.`s_c_save` (`student_id`, `professor_course_id`) VALUES ('13', '11');
INSERT INTO `homework`.`s_c_save` (`student_id`, `professor_course_id`) VALUES ('13', '13');
INSERT INTO `homework`.`s_c_save` (`student_id`, `professor_course_id`) VALUES ('13', '15');
INSERT INTO `homework`.`s_c_save` (`student_id`, `professor_course_id`) VALUES ('13', '17');
INSERT INTO `homework`.`s_c_save` (`student_id`, `professor_course_id`) VALUES ('13', '18');
INSERT INTO `homework`.`s_c_save` (`student_id`, `professor_course_id`) VALUES ('14', '8');
INSERT INTO `homework`.`s_c_save` (`student_id`, `professor_course_id`) VALUES ('14', '10');
INSERT INTO `homework`.`s_c_save` (`student_id`, `professor_course_id`) VALUES ('14', '11');
INSERT INTO `homework`.`s_c_save` (`student_id`, `professor_course_id`) VALUES ('14', '13');
INSERT INTO `homework`.`s_c_save` (`student_id`, `professor_course_id`) VALUES ('14', '15');
INSERT INTO `homework`.`s_c_save` (`student_id`, `professor_course_id`) VALUES ('14', '17');
INSERT INTO `homework`.`s_c_save` (`student_id`, `professor_course_id`) VALUES ('15', '8');
INSERT INTO `homework`.`s_c_save` (`student_id`, `professor_course_id`) VALUES ('15', '18');
INSERT INTO `homework`.`s_c_save` (`student_id`, `professor_course_id`) VALUES ('15', '11');
INSERT INTO `homework`.`s_c_save` (`student_id`, `professor_course_id`) VALUES ('15', '13');
INSERT INTO `homework`.`s_c_save` (`student_id`, `professor_course_id`) VALUES ('15', '15');
INSERT INTO `homework`.`s_c_save` (`student_id`, `professor_course_id`) VALUES ('15', '17');

INSERT INTO `homework`.`s_c_register` (`s_c_register_id`, `student_id`, `professor_course_id`) VALUES ('1', '1', '1');
INSERT INTO `homework`.`s_c_register` (`s_c_register_id`, `student_id`, `professor_course_id`) VALUES ('2', '1', '2');
INSERT INTO `homework`.`s_c_register` (`s_c_register_id`, `student_id`, `professor_course_id`) VALUES ('3', '1', '3');
INSERT INTO `homework`.`s_c_register` (`s_c_register_id`, `student_id`, `professor_course_id`) VALUES ('4', '1', '4');
INSERT INTO `homework`.`s_c_register` (`s_c_register_id`, `student_id`, `professor_course_id`) VALUES ('5', '1', '5');
INSERT INTO `homework`.`s_c_register` (`s_c_register_id`, `student_id`, `professor_course_id`) VALUES ('6', '1', '6');
INSERT INTO `homework`.`s_c_register` (`s_c_register_id`, `student_id`, `professor_course_id`) VALUES ('7', '2', '1');
INSERT INTO `homework`.`s_c_register` (`s_c_register_id`, `student_id`, `professor_course_id`) VALUES ('8', '2', '2');
INSERT INTO `homework`.`s_c_register` (`s_c_register_id`, `student_id`, `professor_course_id`) VALUES ('9', '2', '3');
INSERT INTO `homework`.`s_c_register` (`s_c_register_id`, `student_id`, `professor_course_id`) VALUES ('10', '2', '4');
INSERT INTO `homework`.`s_c_register` (`s_c_register_id`, `student_id`, `professor_course_id`) VALUES ('11', '2', '5');
INSERT INTO `homework`.`s_c_register` (`s_c_register_id`, `student_id`, `professor_course_id`) VALUES ('12', '2', '6');
INSERT INTO `homework`.`s_c_register` (`s_c_register_id`, `student_id`, `professor_course_id`) VALUES ('13', '3', '1');
INSERT INTO `homework`.`s_c_register` (`s_c_register_id`, `student_id`, `professor_course_id`) VALUES ('14', '3', '2');
INSERT INTO `homework`.`s_c_register` (`s_c_register_id`, `student_id`, `professor_course_id`) VALUES ('15', '3', '3');
INSERT INTO `homework`.`s_c_register` (`s_c_register_id`, `student_id`, `professor_course_id`) VALUES ('16', '3', '4');
INSERT INTO `homework`.`s_c_register` (`s_c_register_id`, `student_id`, `professor_course_id`) VALUES ('17', '3', '5');
INSERT INTO `homework`.`s_c_register` (`s_c_register_id`, `student_id`, `professor_course_id`) VALUES ('18', '3', '6');
INSERT INTO `homework`.`s_c_register` (`s_c_register_id`, `student_id`, `professor_course_id`) VALUES ('19', '4', '1');
INSERT INTO `homework`.`s_c_register` (`s_c_register_id`, `student_id`, `professor_course_id`) VALUES ('20', '4', '2');
INSERT INTO `homework`.`s_c_register` (`s_c_register_id`, `student_id`, `professor_course_id`) VALUES ('21', '4', '3');
INSERT INTO `homework`.`s_c_register` (`s_c_register_id`, `student_id`, `professor_course_id`) VALUES ('22', '4', '4');
INSERT INTO `homework`.`s_c_register` (`s_c_register_id`, `student_id`, `professor_course_id`) VALUES ('23', '4', '5');
INSERT INTO `homework`.`s_c_register` (`s_c_register_id`, `student_id`, `professor_course_id`) VALUES ('24', '4', '6');
INSERT INTO `homework`.`s_c_register` (`s_c_register_id`, `student_id`, `professor_course_id`) VALUES ('25', '5', '1');
INSERT INTO `homework`.`s_c_register` (`s_c_register_id`, `student_id`, `professor_course_id`) VALUES ('26', '5', '2');
INSERT INTO `homework`.`s_c_register` (`s_c_register_id`, `student_id`, `professor_course_id`) VALUES ('27', '5', '3');
INSERT INTO `homework`.`s_c_register` (`s_c_register_id`, `student_id`, `professor_course_id`) VALUES ('28', '5', '4');
INSERT INTO `homework`.`s_c_register` (`s_c_register_id`, `student_id`, `professor_course_id`) VALUES ('29', '5', '5');
INSERT INTO `homework`.`s_c_register` (`s_c_register_id`, `student_id`, `professor_course_id`) VALUES ('30', '5', '6');
INSERT INTO `homework`.`s_c_register` (`s_c_register_id`, `student_id`, `professor_course_id`) VALUES ('31', '6', '1');
INSERT INTO `homework`.`s_c_register` (`s_c_register_id`, `student_id`, `professor_course_id`) VALUES ('32', '6', '2');
INSERT INTO `homework`.`s_c_register` (`s_c_register_id`, `student_id`, `professor_course_id`) VALUES ('33', '6', '3');
INSERT INTO `homework`.`s_c_register` (`s_c_register_id`, `student_id`, `professor_course_id`) VALUES ('34', '6', '4');
INSERT INTO `homework`.`s_c_register` (`s_c_register_id`, `student_id`, `professor_course_id`) VALUES ('35', '6', '5');
INSERT INTO `homework`.`s_c_register` (`s_c_register_id`, `student_id`, `professor_course_id`) VALUES ('36', '6', '6');
INSERT INTO `homework`.`s_c_register` (`s_c_register_id`, `student_id`, `professor_course_id`) VALUES ('37', '7', '1');
INSERT INTO `homework`.`s_c_register` (`s_c_register_id`, `student_id`, `professor_course_id`) VALUES ('38', '7', '2');
INSERT INTO `homework`.`s_c_register` (`s_c_register_id`, `student_id`, `professor_course_id`) VALUES ('39', '7', '3');
INSERT INTO `homework`.`s_c_register` (`s_c_register_id`, `student_id`, `professor_course_id`) VALUES ('40', '7', '4');
INSERT INTO `homework`.`s_c_register` (`s_c_register_id`, `student_id`, `professor_course_id`) VALUES ('41', '7', '5');
INSERT INTO `homework`.`s_c_register` (`s_c_register_id`, `student_id`, `professor_course_id`) VALUES ('42', '7', '6');
INSERT INTO `homework`.`s_c_register` (`s_c_register_id`, `student_id`, `professor_course_id`) VALUES ('43', '8', '1');
INSERT INTO `homework`.`s_c_register` (`s_c_register_id`, `student_id`, `professor_course_id`) VALUES ('44', '8', '2');
INSERT INTO `homework`.`s_c_register` (`s_c_register_id`, `student_id`, `professor_course_id`) VALUES ('45', '8', '3');
INSERT INTO `homework`.`s_c_register` (`s_c_register_id`, `student_id`, `professor_course_id`) VALUES ('46', '8', '4');
INSERT INTO `homework`.`s_c_register` (`s_c_register_id`, `student_id`, `professor_course_id`) VALUES ('47', '8', '5');
INSERT INTO `homework`.`s_c_register` (`s_c_register_id`, `student_id`, `professor_course_id`) VALUES ('48', '8', '6');
INSERT INTO `homework`.`s_c_register` (`s_c_register_id`, `student_id`, `professor_course_id`) VALUES ('49', '9', '1');
INSERT INTO `homework`.`s_c_register` (`s_c_register_id`, `student_id`, `professor_course_id`) VALUES ('50', '9', '2');
INSERT INTO `homework`.`s_c_register` (`s_c_register_id`, `student_id`, `professor_course_id`) VALUES ('51', '9', '3');
INSERT INTO `homework`.`s_c_register` (`s_c_register_id`, `student_id`, `professor_course_id`) VALUES ('52', '9', '4');
INSERT INTO `homework`.`s_c_register` (`s_c_register_id`, `student_id`, `professor_course_id`) VALUES ('53', '9', '5');
INSERT INTO `homework`.`s_c_register` (`s_c_register_id`, `student_id`, `professor_course_id`) VALUES ('54', '9', '6');
INSERT INTO `homework`.`s_c_register` (`s_c_register_id`, `student_id`, `professor_course_id`) VALUES ('55', '10', '1');
INSERT INTO `homework`.`s_c_register` (`s_c_register_id`, `student_id`, `professor_course_id`) VALUES ('56', '10', '2');
INSERT INTO `homework`.`s_c_register` (`s_c_register_id`, `student_id`, `professor_course_id`) VALUES ('57', '10', '3');
INSERT INTO `homework`.`s_c_register` (`s_c_register_id`, `student_id`, `professor_course_id`) VALUES ('58', '10', '4');
INSERT INTO `homework`.`s_c_register` (`s_c_register_id`, `student_id`, `professor_course_id`) VALUES ('59', '10', '5');
INSERT INTO `homework`.`s_c_register` (`s_c_register_id`, `student_id`, `professor_course_id`) VALUES ('60', '10', '6');
INSERT INTO `homework`.`s_c_register` (`s_c_register_id`, `student_id`, `professor_course_id`) VALUES ('61', '11', '1');
INSERT INTO `homework`.`s_c_register` (`s_c_register_id`, `student_id`, `professor_course_id`) VALUES ('62', '11', '2');
INSERT INTO `homework`.`s_c_register` (`s_c_register_id`, `student_id`, `professor_course_id`) VALUES ('63', '11', '3');
INSERT INTO `homework`.`s_c_register` (`s_c_register_id`, `student_id`, `professor_course_id`) VALUES ('64', '11', '4');
INSERT INTO `homework`.`s_c_register` (`s_c_register_id`, `student_id`, `professor_course_id`) VALUES ('65', '11', '5');
INSERT INTO `homework`.`s_c_register` (`s_c_register_id`, `student_id`, `professor_course_id`) VALUES ('66', '11', '6');
INSERT INTO `homework`.`s_c_register` (`s_c_register_id`, `student_id`, `professor_course_id`) VALUES ('67', '12', '1');
INSERT INTO `homework`.`s_c_register` (`s_c_register_id`, `student_id`, `professor_course_id`) VALUES ('68', '12', '2');
INSERT INTO `homework`.`s_c_register` (`s_c_register_id`, `student_id`, `professor_course_id`) VALUES ('69', '12', '3');
INSERT INTO `homework`.`s_c_register` (`s_c_register_id`, `student_id`, `professor_course_id`) VALUES ('70', '12', '4');
INSERT INTO `homework`.`s_c_register` (`s_c_register_id`, `student_id`, `professor_course_id`) VALUES ('71', '12', '5');
INSERT INTO `homework`.`s_c_register` (`s_c_register_id`, `student_id`, `professor_course_id`) VALUES ('72', '12', '6');
INSERT INTO `homework`.`s_c_register` (`s_c_register_id`, `student_id`, `professor_course_id`) VALUES ('73', '13', '1');
INSERT INTO `homework`.`s_c_register` (`s_c_register_id`, `student_id`, `professor_course_id`) VALUES ('74', '13', '2');
INSERT INTO `homework`.`s_c_register` (`s_c_register_id`, `student_id`, `professor_course_id`) VALUES ('75', '13', '3');
INSERT INTO `homework`.`s_c_register` (`s_c_register_id`, `student_id`, `professor_course_id`) VALUES ('76', '13', '4');
INSERT INTO `homework`.`s_c_register` (`s_c_register_id`, `student_id`, `professor_course_id`) VALUES ('77', '13', '5');
INSERT INTO `homework`.`s_c_register` (`s_c_register_id`, `student_id`, `professor_course_id`) VALUES ('78', '13', '6');
INSERT INTO `homework`.`s_c_register` (`s_c_register_id`, `student_id`, `professor_course_id`) VALUES ('79', '14', '1');
INSERT INTO `homework`.`s_c_register` (`s_c_register_id`, `student_id`, `professor_course_id`) VALUES ('80', '14', '2');
INSERT INTO `homework`.`s_c_register` (`s_c_register_id`, `student_id`, `professor_course_id`) VALUES ('81', '14', '3');
INSERT INTO `homework`.`s_c_register` (`s_c_register_id`, `student_id`, `professor_course_id`) VALUES ('82', '14', '4');
INSERT INTO `homework`.`s_c_register` (`s_c_register_id`, `student_id`, `professor_course_id`) VALUES ('83', '14', '5');
INSERT INTO `homework`.`s_c_register` (`s_c_register_id`, `student_id`, `professor_course_id`) VALUES ('84', '14', '6');
INSERT INTO `homework`.`s_c_register` (`s_c_register_id`, `student_id`, `professor_course_id`) VALUES ('85', '15', '1');
INSERT INTO `homework`.`s_c_register` (`s_c_register_id`, `student_id`, `professor_course_id`) VALUES ('86', '15', '2');
INSERT INTO `homework`.`s_c_register` (`s_c_register_id`, `student_id`, `professor_course_id`) VALUES ('87', '15', '3');
INSERT INTO `homework`.`s_c_register` (`s_c_register_id`, `student_id`, `professor_course_id`) VALUES ('88', '15', '4');
INSERT INTO `homework`.`s_c_register` (`s_c_register_id`, `student_id`, `professor_course_id`) VALUES ('89', '15', '5');
INSERT INTO `homework`.`s_c_register` (`s_c_register_id`, `student_id`, `professor_course_id`) VALUES ('90', '15', '6');
INSERT INTO `homework`.`s_c_register` (`student_id`, `professor_course_id`) VALUES ('1', '7');
INSERT INTO `homework`.`s_c_register` (`student_id`, `professor_course_id`) VALUES ('1', '9');
INSERT INTO `homework`.`s_c_register` (`student_id`, `professor_course_id`) VALUES ('1', '12');
INSERT INTO `homework`.`s_c_register` (`student_id`, `professor_course_id`) VALUES ('1', '14');
INSERT INTO `homework`.`s_c_register` (`student_id`, `professor_course_id`) VALUES ('1', '16');
INSERT INTO `homework`.`s_c_register` (`student_id`, `professor_course_id`) VALUES ('1', '18');
INSERT INTO `homework`.`s_c_register` (`student_id`, `professor_course_id`) VALUES ('2', '7');
INSERT INTO `homework`.`s_c_register` (`student_id`, `professor_course_id`) VALUES ('2', '9');
INSERT INTO `homework`.`s_c_register` (`student_id`, `professor_course_id`) VALUES ('2', '12');
INSERT INTO `homework`.`s_c_register` (`student_id`, `professor_course_id`) VALUES ('2', '14');
INSERT INTO `homework`.`s_c_register` (`student_id`, `professor_course_id`) VALUES ('2', '16');
INSERT INTO `homework`.`s_c_register` (`student_id`, `professor_course_id`) VALUES ('2', '18');
INSERT INTO `homework`.`s_c_register` (`student_id`, `professor_course_id`) VALUES ('3', '7');
INSERT INTO `homework`.`s_c_register` (`student_id`, `professor_course_id`) VALUES ('3', '12');
INSERT INTO `homework`.`s_c_register` (`student_id`, `professor_course_id`) VALUES ('3', '13');
INSERT INTO `homework`.`s_c_register` (`student_id`, `professor_course_id`) VALUES ('3', '14');
INSERT INTO `homework`.`s_c_register` (`student_id`, `professor_course_id`) VALUES ('3', '16');
INSERT INTO `homework`.`s_c_register` (`student_id`, `professor_course_id`) VALUES ('3', '18');
INSERT INTO `homework`.`s_c_register` (`student_id`, `professor_course_id`) VALUES ('4', '7');
INSERT INTO `homework`.`s_c_register` (`student_id`, `professor_course_id`) VALUES ('4', '12');
INSERT INTO `homework`.`s_c_register` (`student_id`, `professor_course_id`) VALUES ('4', '13');
INSERT INTO `homework`.`s_c_register` (`student_id`, `professor_course_id`) VALUES ('4', '14');
INSERT INTO `homework`.`s_c_register` (`student_id`, `professor_course_id`) VALUES ('4', '16');
INSERT INTO `homework`.`s_c_register` (`student_id`, `professor_course_id`) VALUES ('4', '18');
INSERT INTO `homework`.`s_c_register` (`student_id`, `professor_course_id`) VALUES ('5', '7');
INSERT INTO `homework`.`s_c_register` (`student_id`, `professor_course_id`) VALUES ('5', '12');
INSERT INTO `homework`.`s_c_register` (`student_id`, `professor_course_id`) VALUES ('5', '13');
INSERT INTO `homework`.`s_c_register` (`student_id`, `professor_course_id`) VALUES ('5', '14');
INSERT INTO `homework`.`s_c_register` (`student_id`, `professor_course_id`) VALUES ('5', '16');
INSERT INTO `homework`.`s_c_register` (`student_id`, `professor_course_id`) VALUES ('5', '17');
INSERT INTO `homework`.`s_c_register` (`student_id`, `professor_course_id`) VALUES ('6', '7');
INSERT INTO `homework`.`s_c_register` (`student_id`, `professor_course_id`) VALUES ('6', '12');
INSERT INTO `homework`.`s_c_register` (`student_id`, `professor_course_id`) VALUES ('6', '13');
INSERT INTO `homework`.`s_c_register` (`student_id`, `professor_course_id`) VALUES ('6', '14');
INSERT INTO `homework`.`s_c_register` (`student_id`, `professor_course_id`) VALUES ('6', '15');
INSERT INTO `homework`.`s_c_register` (`student_id`, `professor_course_id`) VALUES ('6', '16');
INSERT INTO `homework`.`s_c_register` (`student_id`, `professor_course_id`) VALUES ('7', '7');
INSERT INTO `homework`.`s_c_register` (`student_id`, `professor_course_id`) VALUES ('7', '11');
INSERT INTO `homework`.`s_c_register` (`student_id`, `professor_course_id`) VALUES ('7', '12');
INSERT INTO `homework`.`s_c_register` (`student_id`, `professor_course_id`) VALUES ('7', '14');
INSERT INTO `homework`.`s_c_register` (`student_id`, `professor_course_id`) VALUES ('7', '15');
INSERT INTO `homework`.`s_c_register` (`student_id`, `professor_course_id`) VALUES ('7', '16');
INSERT INTO `homework`.`s_c_register` (`student_id`, `professor_course_id`) VALUES ('8', '11');
INSERT INTO `homework`.`s_c_register` (`student_id`, `professor_course_id`) VALUES ('8', '12');
INSERT INTO `homework`.`s_c_register` (`student_id`, `professor_course_id`) VALUES ('8', '14');
INSERT INTO `homework`.`s_c_register` (`student_id`, `professor_course_id`) VALUES ('8', '15');
INSERT INTO `homework`.`s_c_register` (`student_id`, `professor_course_id`) VALUES ('8', '16');
INSERT INTO `homework`.`s_c_register` (`student_id`, `professor_course_id`) VALUES ('8', '17');
INSERT INTO `homework`.`s_c_register` (`student_id`, `professor_course_id`) VALUES ('9', '8');
INSERT INTO `homework`.`s_c_register` (`student_id`, `professor_course_id`) VALUES ('9', '11');
INSERT INTO `homework`.`s_c_register` (`student_id`, `professor_course_id`) VALUES ('9', '12');
INSERT INTO `homework`.`s_c_register` (`student_id`, `professor_course_id`) VALUES ('9', '14');
INSERT INTO `homework`.`s_c_register` (`student_id`, `professor_course_id`) VALUES ('9', '15');
INSERT INTO `homework`.`s_c_register` (`student_id`, `professor_course_id`) VALUES ('9', '16');
INSERT INTO `homework`.`s_c_register` (`student_id`, `professor_course_id`) VALUES ('10', '8');
INSERT INTO `homework`.`s_c_register` (`student_id`, `professor_course_id`) VALUES ('10', '11');
INSERT INTO `homework`.`s_c_register` (`student_id`, `professor_course_id`) VALUES ('10', '13');
INSERT INTO `homework`.`s_c_register` (`student_id`, `professor_course_id`) VALUES ('10', '15');
INSERT INTO `homework`.`s_c_register` (`student_id`, `professor_course_id`) VALUES ('10', '16');
INSERT INTO `homework`.`s_c_register` (`student_id`, `professor_course_id`) VALUES ('10', '17');
INSERT INTO `homework`.`s_c_register` (`student_id`, `professor_course_id`) VALUES ('11', '8');
INSERT INTO `homework`.`s_c_register` (`student_id`, `professor_course_id`) VALUES ('11', '11');
INSERT INTO `homework`.`s_c_register` (`student_id`, `professor_course_id`) VALUES ('11', '13');
INSERT INTO `homework`.`s_c_register` (`student_id`, `professor_course_id`) VALUES ('11', '15');
INSERT INTO `homework`.`s_c_register` (`student_id`, `professor_course_id`) VALUES ('11', '17');
INSERT INTO `homework`.`s_c_register` (`student_id`, `professor_course_id`) VALUES ('11', '18');
INSERT INTO `homework`.`s_c_register` (`student_id`, `professor_course_id`) VALUES ('12', '8');
INSERT INTO `homework`.`s_c_register` (`student_id`, `professor_course_id`) VALUES ('12', '11');
INSERT INTO `homework`.`s_c_register` (`student_id`, `professor_course_id`) VALUES ('12', '15');
INSERT INTO `homework`.`s_c_register` (`student_id`, `professor_course_id`) VALUES ('12', '17');
INSERT INTO `homework`.`s_c_register` (`student_id`, `professor_course_id`) VALUES ('12', '18');
INSERT INTO `homework`.`s_c_register` (`student_id`, `professor_course_id`) VALUES ('12', '10');
INSERT INTO `homework`.`s_c_register` (`student_id`, `professor_course_id`) VALUES ('13', '8');
INSERT INTO `homework`.`s_c_register` (`student_id`, `professor_course_id`) VALUES ('13', '11');
INSERT INTO `homework`.`s_c_register` (`student_id`, `professor_course_id`) VALUES ('13', '13');
INSERT INTO `homework`.`s_c_register` (`student_id`, `professor_course_id`) VALUES ('13', '15');
INSERT INTO `homework`.`s_c_register` (`student_id`, `professor_course_id`) VALUES ('13', '17');
INSERT INTO `homework`.`s_c_register` (`student_id`, `professor_course_id`) VALUES ('13', '18');
INSERT INTO `homework`.`s_c_register` (`student_id`, `professor_course_id`) VALUES ('14', '8');
INSERT INTO `homework`.`s_c_register` (`student_id`, `professor_course_id`) VALUES ('14', '10');
INSERT INTO `homework`.`s_c_register` (`student_id`, `professor_course_id`) VALUES ('14', '11');
INSERT INTO `homework`.`s_c_register` (`student_id`, `professor_course_id`) VALUES ('14', '13');
INSERT INTO `homework`.`s_c_register` (`student_id`, `professor_course_id`) VALUES ('14', '15');
INSERT INTO `homework`.`s_c_register` (`student_id`, `professor_course_id`) VALUES ('14', '17');
INSERT INTO `homework`.`s_c_register` (`student_id`, `professor_course_id`) VALUES ('15', '8');
INSERT INTO `homework`.`s_c_register` (`student_id`, `professor_course_id`) VALUES ('15', '18');
INSERT INTO `homework`.`s_c_register` (`student_id`, `professor_course_id`) VALUES ('15', '11');
INSERT INTO `homework`.`s_c_register` (`student_id`, `professor_course_id`) VALUES ('15', '13');
INSERT INTO `homework`.`s_c_register` (`student_id`, `professor_course_id`) VALUES ('15', '15');
INSERT INTO `homework`.`s_c_register` (`student_id`, `professor_course_id`) VALUES ('15', '17');

INSERT INTO `homework`.`close_or_not` (`close`) VALUES ('0');
