userid,movieid,rating,timestamp
1,1,5.0,847117005
1,2,3.0,847642142
1,10,3.0,847641896
1,32,4.0,847642008
1,34,4.0,847641956
1,47,3.0,847641956
1,50,4.0,847642073
1,62,4.0,847642105
1,150,4.0,847116751
1,153,3.0,847116787
1,160,3.0,847642008
1,161,4.0,847641896
1,165,4.0,847116787
1,185,3.0,847641919
1,208,3.0,847641919
1,253,3.0,847641919
1,265,5.0,847642048
1,266,3.0,847642118
1,288,5.0,847641938
1,292,4.0,847116936
1,296,5.0,847116752
1,300,5.0,847641973
1,316,3.0,847116893
1,318,5.0,847116937
1,329,4.0,847116936
1,344,3.0,847116787
1,349,4.0,847116893
1,350,4.0,847642142
1,356,5.0,847116893
1,357,4.0,847641988
1,364,4.0,847641938
1,367,4.0,847641956
1,377,3.0,847641938
1,380,4.0,847116753
1,434,3.0,847116936
1,454,4.0,847641938
1,457,4.0,847116787
1,480,5.0,847116936
1,500,3.0,847641956
2,1,3.0,833971988
2,2,3.0,833972306
2,11,3.0,833972269
2,17,5.0,833972306
2,19,4.0,833972107
2,21,3.0,833972077
2,34,5.0,833972077
2,39,3.0,833972138
2,47,2.0,833972077
2,95,3.0,833972269
2,150,4.0,833971704
2,153,3.0,833971811
2,160,3.0,833972138
2,161,4.0,833971947
2,165,2.0,833971811
2,173,2.0,833972172
2,185,3.0,833971988
2,186,3.0,833972269
2,196,2.0,833972241
2,208,3.0,833971988
2,225,3.0,833972077
2,231,3.0,833971888
2,236,4.0,833972172
2,252,3.0,833972241
2,253,4.0,833971988
2,266,4.0,833972107
2,282,4.0,833972172
2,288,1.0,833971988
2,293,3.0,833972306
2,300,4.0,833972037
2,317,5.0,833972077
2,318,5.0,833971888
2,329,3.0,833971888
2,337,4.0,833972172
2,339,4.0,833971947
2,344,4.0,833971811
2,349,4.0,833971811
2,364,5.0,833972241
2,367,5.0,833972306
2,410,3.0,833972037
3,163,4.5,1111981513
3,172,2.0,1111981545
3,260,5.0,1111982680
3,370,4.0,1111981466
3,432,3.0,1111981411
3,466,3.0,1111981458
3,502,3.5,1111982333
3,832,3.5,1111981434
4,32,4.5,1294768736
4,163,3.0,1294768511
4,172,3.0,1294768534
4,315,3.0,1294768583
4,318,5.0,1294768757
4,370,3.0,1294768485
4,435,2.0,1294768505
4,555,4.0,1294768481
5,1,4.0,1040175819
5,5,3.0,1041555250
5,6,4.0,1040175782
5,11,4.0,1040177817
5,14,4.0,1041553811
5,16,5.0,1040175620
5,21,5.0,1041553954
5,32,5.0,1040175739
5,39,4.0,1040449199
5,45,4.0,1040449041
5,47,5.0,1040449396
5,50,5.0,1040447967
5,52,5.0,1040176548
5,89,3.0,1041555524
5,105,5.0,1041555655
5,110,4.0,1040175397
5,111,5.0,1040174631
5,141,5.0,1041555454
5,150,4.0,1040175308
5,151,4.0,1040178448
5,161,4.0,1040449772
5,162,5.0,1040175416
5,171,5.0,1040449598
5,175,4.0,1041553954
5,180,4.0,1040174304
5,194,5.0,1040177461
5,223,5.0,1040174284
5,225,3.0,1040178022
5,231,2.0,1040178060
5,235,4.0,1040448601
5,253,5.0,1041555276
5,260,3.0,1040175191
5,265,4.0,1040175948
5,272,4.0,1040175397
5,282,4.0,1041555484
5,296,5.0,1040174763
5,299,3.0,1040176295
5,300,5.0,1040448691
5,318,5.0,1040175135
5,321,5.0,1040174587
5,322,4.0,1040176279
5,337,4.0,1040448640
5,345,5.0,1040176682
5,349,4.0,1041554101
5,353,4.0,1041555327
5,356,2.0,1041554822
5,363,5.0,1040176497
5,364,3.0,1041554726
5,367,4.0,1040178107
5,373,5.0,1040176803
5,377,4.0,1040177461
5,380,3.0,1041555061
5,428,4.0,1040175805
5,431,4.0,1040178123
5,441,4.0,1040177406
5,446,4.0,1040176466
5,457,3.0,1040449260
5,471,5.0,1040177238
5,477,5.0,1041554054
5,480,4.0,1041554701
5,486,2.0,1040447891
5,488,5.0,1040178503
5,491,4.0,1041555362
5,508,5.0,1040177358
5,509,5.0,1040176937
5,515,4.0,1040449139
5,527,5.0,1040448300
5,532,4.0,1041555961
5,538,5.0,1040177724
5,539,3.0,1041555939
5,541,5.0,1040174617
5,551,4.0,1040177057
5,553,3.0,1041554330
5,581,5.0,1040448492
5,585,3.0,1041554840
5,588,4.0,1041555176
5,589,4.0,1040177057
5,590,4.0,1041553695
5,592,4.0,1040176426
5,593,5.0,1040174806
5,594,5.0,1040177126
5,595,3.0,1041554553
5,596,3.0,1040177282
5,597,3.0,1041555585
5,599,3.0,1040448580
5,608,5.0,1040174475
5,610,4.0,1041555759
5,628,4.0,1040178367
5,648,4.0,1041554726
5,663,4.0,1040176820
5,671,4.0,1040178431
5,708,4.0,1041555550
5,722,5.0,1040178267
5,733,3.0,1041554822
5,750,5.0,1040447950
5,766,5.0,1040177854
5,778,5.0,1040175291
5,832,4.0,1041554971
5,851,5.0,1040449480
5,858,5.0,1040174349
5,897,3.0,1041556044
5,898,4.0,1040448092
5,899,3.0,1040174602
5,900,3.0,1040448832
5,902,4.0,1040448816
5,903,5.0,1040174617
5,904,5.0,1040174396
5,905,3.0,1040448005
5,908,5.0,1040174206
5,909,3.0,1041552877
5,910,5.0,1040448109
5,911,4.0,1040176380
5,912,4.0,1040447967
5,913,4.0,1040174497
5,914,3.0,1040449015
5,915,4.0,1040175709
5,916,3.0,1040448517
5,918,2.0,1041552970
5,919,5.0,1040174617
5,920,5.0,1040176135
5,921,4.0,1040175077
5,922,5.0,1040448005
5,923,5.0,1040174349
5,924,5.0,1040174722
5,926,3.0,1040174564
5,927,4.0,1040176737
5,928,5.0,1040175191
5,930,4.0,1040448151
5,931,4.0,1041553014
5,933,4.0,1040448912
5,934,4.0,1040177535
5,938,4.0,1041553794
5,940,3.0,1040174564
5,941,3.0,1041553552
5,942,4.0,1041552710
5,943,4.0,1041553173
5,944,3.0,1040176820
5,945,4.0,1041553265
5,946,3.0,1041553842
5,947,4.0,1041552890
5,948,5.0,1040177645
5,949,5.0,1040174676
5,950,3.0,1040447937
5,951,4.0,1040174775
5,952,4.0,1040176153
5,953,2.0,1040176279
5,954,3.0,1040448456
5,955,3.0,1040174832
5,965,3.0,1040174514
5,968,3.0,1040175460
5,969,5.0,1040448374
5,971,4.0,1040174722
5,982,3.0,1040178267
5,1012,3.0,1040177444
5,1018,3.0,1041555913
5,1019,5.0,1041555434
5,1022,3.0,1040449659
5,1029,4.0,1040177424
5,1034,4.0,1040177702
5,1035,2.0,1040449156
5,1036,3.0,1040175638
5,1044,4.0,1040449058
5,1046,5.0,1040448287
5,1059,4.0,1041553612
5,1060,4.0,1041553187
5,1073,3.0,1040175805
5,1076,5.0,1040174763
5,1077,4.0,1040448207
5,1078,3.0,1040176030
6,1,4.0,1206786881
6,2,3.0,1206787921
6,6,4.0,1206787694
6,10,4.0,1206787238
6,16,4.0,1206788269
6,19,3.0,1206787998
6,21,4.0,1349628203
6,39,3.0,1382167727
6,47,4.0,1206787074
6,50,4.0,1227218624
6,62,4.0,1206787859
6,63,3.0,1227220413
6,70,3.5,1227219453
6,72,3.0,1227220410
6,104,4.0,1206788351
6,111,4.0,1206787933
6,145,4.0,1206786558
6,153,3.0,1206787115
6,165,3.5,1206787058
6,215,5.0,1206788686
6,223,4.0,1349626646
6,231,3.0,1206787276
6,260,4.0,1206787233
6,293,5.0,1206787874
6,316,2.5,1227470721
6,318,5.0,1206786951
6,344,2.5,1218232360
6,353,4.0,1232886820
6,356,4.0,1227219313
6,364,3.0,1218232353
6,367,2.5,1206787194
6,368,4.0,1349628258
6,377,3.5,1206786970
6,380,3.5,1206787089
6,413,3.5,1206786658
6,420,3.5,1206788182
6,434,3.0,1206787505
6,442,4.0,1230583764
6,454,3.5,1206787380
6,466,3.0,1206786517
6,480,3.5,1206786873
6,500,3.0,1206787216
6,520,2.5,1206786527
6,553,3.5,1206788274
6,586,3.5,1349628182
6,588,4.0,1206786904
6,589,4.0,1206787010
6,592,4.0,1206786869
6,595,3.0,1349628153
6,608,3.0,1240947585
6,628,4.0,1239395073
6,648,4.0,1206787145
6,733,5.0,1206787208
6,736,3.0,1206787299
6,750,4.0,1206788131
6,778,4.0,1227218886
7,50,4.5,1149269821
7,58,3.5,1149269656
7,112,4.5,1149269593
7,520,4.0,1149269715
7,745,4.5,1149269857
8,1,3.0,1361982109
8,2,2.5,1361982493
8,6,3.0,1361982447
8,10,2.5,1361898644
8,16,4.5,1361982696
8,18,4.0,1362003733
8,19,2.0,1361981698
8,21,2.5,1393534462
8,24,3.5,1362003259
8,25,3.5,1362422287
8,29,4.5,1361981827
8,32,4.0,1361542119
8,34,2.5,1361982375
8,47,4.5,1361982285
8,50,4.5,1393629257
8,70,3.5,1362001605
8,110,3.0,1361982185
8,111,4.5,1361982106
8,153,2.5,1361982318
8,163,3.5,1362001270
8,165,4.0,1361981694
8,170,2.0,1361981822
8,172,4.0,1362001567
8,173,4.0,1362001251
8,208,4.5,1361981686
8,231,3.0,1361982359
8,235,3.0,1361898860
8,253,4.0,1361982410
8,256,1.5,1393536741
8,260,4.0,1361982256
8,261,2.5,1393536682
8,288,4.5,1361981683
8,292,3.0,1393536009
8,293,5.0,1361982046
8,296,4.5,1362001053
8,316,3.0,1361981683
8,318,4.0,1361541739
8,319,4.0,1362475689
8,327,3.5,1362003406
8,344,2.5,1361982291
8,345,2.5,1362001703
8,353,4.5,1361982749
8,356,4.5,1361982251
8,357,3.0,1361982421
8,364,2.5,1361982304
8,367,2.5,1361898629
8,368,3.0,1393536299
8,370,3.5,1362001258
8,377,3.0,1361982294
8,380,3.0,1361982277
8,413,3.0,1362003612
8,420,2.0,1362001234
8,428,4.0,1362408910
8,434,4.0,1361982425
8,435,2.5,1393536426
8,442,4.0,1361898626
8,455,2.5,1362002466
8,457,2.5,1393535517
8,466,3.0,1362001530
8,480,4.0,1361898624
8,485,2.5,1362001543
8,500,2.0,1361982332
8,509,4.0,1361982704
8,520,2.0,1362001246
8,527,4.0,1361541747
8,541,4.0,1361898421
8,551,4.5,1361982023
8,586,2.0,1393535998
8,589,4.0,1361542079
8,590,4.5,1361982274
8,592,4.0,1361982264
8,593,4.5,1361898552
8,597,3.0,1361982370
8,608,4.0,1361898622
8,610,2.0,1361541295
8,648,3.5,1361982297
8,733,3.5,1361982371
8,737,2.5,1361541565
8,741,4.0,1394357334
8,743,2.5,1362003474
8,750,4.5,1361982490
8,778,5.0,1361981661
8,780,3.0,1361982263
8,784,2.0,1393536393
8,786,3.5,1361982699
8,788,1.5,1361982657
8,832,3.5,1362001266
8,839,4.0,1361541574
8,858,4.5,1361541742
8,912,3.5,1361541751
8,923,3.0,1361981802
9,17,3.0,966909753
9,32,2.0,966909693
9,34,5.0,966909753
9,36,4.0,966909582
9,39,2.0,966909808
9,43,3.0,970889489
9,50,5.0,966909582
9,110,5.0,966909716
9,150,4.0,966909753
9,223,3.0,970889175
9,235,4.0,966909627
9,247,3.0,966909558
9,253,4.0,966907350
9,265,3.0,966909664
9,300,3.0,966909808
9,318,5.0,966909512
9,407,4.0,970889359
9,428,3.0,966909808
9,434,3.0,966907813
9,481,4.0,966907601
9,482,4.0,966907500
9,527,4.0,966906979
9,555,4.0,966909847
9,562,4.0,966909716
9,593,5.0,966909526
9,608,4.0,966907389
9,671,1.0,966909788
9,780,3.0,966907423
9,785,3.0,970889359
9,898,5.0,966909411
9,902,3.0,966906958
9,903,4.0,966908666
9,904,5.0,966908666
9,908,5.0,966908638
9,915,5.0,966909211
9,923,4.0,966909349
9,930,5.0,966909362
9,932,5.0,966909258
9,948,3.0,966909275
9,949,4.0,966908666
10,207,3.5,1117607953
10,595,3.5,1118025737
10,596,4.0,1117607807
10,832,4.0,1117607755
10,851,2.0,1118025686
10,899,4.5,1117607856
10,1092,3.5,1117607839
11,1,3.0,997878562
11,2,2.0,940892511
11,6,3.0,997786169
11,10,2.0,997786062
11,14,2.0,997786663
11,17,4.0,943174551
11,21,3.0,997786062
11,32,1.0,997878669
11,34,5.0,943174551
11,44,3.0,942313044
11,48,3.0,997877826
11,50,3.0,997878670
11,70,3.0,942312620
11,112,2.0,997878049
11,144,3.0,977036724
11,150,3.0,997638649
11,151,4.0,943174824
11,153,2.0,997638738
11,160,1.0,997762814
11,163,3.0,942313044
11,165,2.0,997762885
11,180,3.0,997786442
11,181,2.0,997786525
11,185,2.0,940544701
11,196,2.0,940544752
11,208,1.0,942313214
11,223,3.0,997762683
11,230,3.0,943175348
11,253,2.0,997786270
11,256,2.0,940544752
11,260,4.0,1041384642
11,273,1.0,997786525
11,293,3.0,940545356
11,296,4.0,940545355
11,300,3.0,997877937
11,313,3.0,997878445
11,316,2.0,940544700
11,318,4.0,955809354
11,329,2.0,997878367
11,346,3.0,942313862
11,348,4.0,984810922
11,349,3.0,997762683
11,353,3.0,997762814
11,364,3.0,940893102
11,367,2.0,940892424
11,368,2.0,997786525
11,377,3.0,997878367
11,379,2.0,940544700
11,380,3.0,997878670
11,417,3.0,997878899
11,426,3.0,997638840
11,434,1.0,997762683
11,442,2.0,997762814
11,454,2.0,997763075
11,457,4.0,997763076
11,464,3.0,942313352
11,471,1.0,997786169
11,474,3.0,997786270
11,480,3.0,997786352
11,481,1.0,943174824
11,485,2.0,997786352
11,490,2.0,977036692
11,492,3.0,1010519999
11,509,3.0,997877826
11,515,3.0,997877937
11,517,2.0,942313306
11,529,3.0,997878158
11,533,2.0,997878159
11,535,2.0,997878273
11,541,3.0,997638840
11,551,3.0,997786663
11,552,2.0,942313270
11,555,3.0,997878670
11,588,4.0,940893042
11,589,4.0,940544292
11,590,3.0,997762815
11,592,4.0,942312795
11,593,3.0,997878273
11,594,3.0,997878273
11,595,5.0,940893042
11,596,3.0,997877826
11,608,4.0,943174678
11,616,2.0,997638650
11,648,3.0,942312795
11,653,2.0,940892541
11,661,3.0,997786270
11,671,3.0,997786663
11,673,1.0,940892541
11,720,4.0,997878670
11,733,2.0,997878049
11,736,1.0,997878670
11,745,4.0,997762683
11,750,4.0,955809407
11,780,2.0,940544343
11,783,3.0,940893202
11,786,2.0,997762975
11,788,3.0,997786663
11,799,3.0,942614702
11,804,2.0,997878273
11,832,2.0,997877937
11,836,1.0,997762683
11,858,3.0,1010519683
11,861,3.0,997878445
11,898,4.0,955809892
11,899,4.0,997878273
11,903,3.0,997878671
11,904,4.0,1021812310
11,908,5.0,944388722
11,909,4.0,944389368
11,910,4.0,955809309
11,912,4.0,940545198
11,913,4.0,997786442
11,914,3.0,1010520058
11,916,4.0,1021812347
11,919,4.0,997878758
11,923,4.0,940545356
11,924,3.0,940544292
11,928,3.0,997877937
11,929,4.0,955809502
11,940,3.0,997638529
11,943,3.0,997786063
11,944,3.0,997786442
11,947,3.0,997786664
11,953,4.0,997786271
11,954,4.0,997786525
11,965,4.0,1028403203
11,969,4.0,942312569
11,973,3.0,1010520000
11,1016,2.0,997878274
11,1022,2.0,997762684
12,44,3.0,848958744
12,95,3.0,848958706
12,135,5.0,848959058
12,153,4.0,848958562
12,189,3.0,848959363
12,191,3.0,848959058
12,230,3.0,848958839
12,253,4.0,848958618
12,277,4.0,848958798
12,292,5.0,848958593
12,296,4.0,848958535
12,316,3.0,848958575
12,317,3.0,848958679
12,327,2.0,848958879
12,329,3.0,848958593
12,344,2.0,848958562
12,345,1.0,848958891
12,355,1.0,848958784
12,356,3.0,848958575
12,357,3.0,848958667
12,368,3.0,848958735
12,377,5.0,848958618
12,405,2.0,848959019
12,434,3.0,848958593
12,435,3.0,848958690
12,454,3.0,848958618
12,466,2.0,848958784
12,475,3.0,848958879
12,480,5.0,848958593
12,500,3.0,848958628
12,533,4.0,848958979
12,550,3.0,848959003
12,551,3.0,848958735
12,587,4.0,848958647
12,589,5.0,848958618
12,592,4.0,848958535
12,594,3.0,848958772
12,597,1.0,848958647
12,610,5.0,848958855
13,5,3.5,1225229442
13,110,2.5,1272898896
13,180,5.0,1225229789
13,196,4.0,1225229498
13,260,3.0,1272898891
13,261,1.0,1225229630
13,296,3.5,1272898886
13,318,3.5,1272898893
13,356,3.0,1272898881
13,432,3.0,1225229452
13,457,1.5,1272898899
13,466,2.0,1225229458
13,471,2.5,1225229592
14,2,4.0,842119824
14,11,4.0,842119583
14,19,3.0,842119311
14,21,4.0,842119349
14,32,4.0,842119487
14,47,3.0,842119268
14,50,3.0,842119349
14,141,5.0,842119903
14,150,5.0,842118959
14,153,3.0,842119011
14,196,3.0,842119824
14,204,2.0,842119903
14,236,3.0,842119583
14,252,4.0,842119858
14,292,3.0,842119111
14,296,4.0,842118960
14,300,5.0,842119267
14,316,5.0,842119053
14,329,3.0,842119111
14,339,4.0,842119166
14,344,3.0,842119011
14,349,5.0,842119010
14,356,3.0,842119166
14,357,5.0,842119537
14,364,4.0,842119267
14,367,4.0,842119311
14,377,4.0,842119311
14,380,4.0,842118961
14,432,3.0,842119537
14,457,5.0,842119053
14,480,4.0,842119218
15,1,4.0,1422651687
15,318,4.0,1422651516
15,356,3.0,1422651635
15,1188,2.0,1422651785
16,303,2.5,1355604031
16,610,2.0,1355603993
16,1037,1.5,1355604021
16,1188,2.0,1355603983
17,605,3.0,1337190535
17,858,5.0,1337193790
17,904,4.0,1337193807
17,934,3.0,1337190474
18,10,5.0,837848698
18,44,3.0,837848864
18,141,4.0,837848849
18,153,3.0,837848642
18,161,5.0,837848686
18,231,3.0,837848664
18,296,4.0,837848621
18,329,4.0,837848664
18,349,4.0,837848642
18,364,4.0,837848729
18,434,3.0,837848686
18,442,3.0,837848837
18,457,5.0,837848686
18,480,3.0,837848729
18,539,3.0,837848803
18,586,2.0,837848803
18,588,3.0,837848642
18,589,3.0,837848769
18,590,3.0,837848621
19,12,3.0,940153823
19,25,4.0,940155433
19,70,3.0,940152329
19,152,3.0,940153823
19,177,4.0,940153273
19,188,3.0,940152329
19,220,3.0,940151853
19,253,4.0,940152329
19,273,3.0,940152461
19,318,3.0,940155293
19,330,2.0,940153273
19,366,3.0,940153273
19,382,2.0,940152614
19,407,3.0,940153273
19,426,4.0,940153404
19,527,5.0,940155546
19,532,3.0,940153145
19,565,3.0,940153145
19,608,4.0,940155433
19,610,3.0,940153145
19,724,3.0,940153145
19,735,4.0,940153005
19,799,3.0,940151853
20,750,5.0,1401286658
20,858,5.0,1401286664
20,904,5.0,1401286730
20,908,5.0,1401286707
20,910,4.0,1401286738
20,912,5.0,1401286636
20,926,4.0,1401286618
20,953,5.0,1401286686
20,954,5.0,1401286166
20,969,4.0,1401286613
21,512,4.0,950912206
21,593,5.0,949097567
21,594,4.0,1089155125
21,1041,4.0,949097567
22,1,3.5,1146842125
22,150,3.5,1146842118
22,153,3.5,1146842148
22,260,3.5,1146842000
22,355,2.0,1146841855
22,356,3.0,1146842104
22,370,3.0,1146841715
22,480,3.0,1146842107
22,520,3.5,1146841755
22,592,3.5,1146842115
22,595,3.5,1146841952
23,10,5.0,837530693
23,19,4.0,837530746
23,110,5.0,837530712
23,150,5.0,837530599
23,153,3.0,837530632
23,160,4.0,837530761
23,161,5.0,837530675
23,165,4.0,837530632
23,173,5.0,837530788
23,185,2.0,837530693
23,208,4.0,837530694
23,225,5.0,837530727
23,231,3.0,837530656
23,253,3.0,837530693
23,292,4.0,837530675
23,296,2.0,837530599
23,316,4.0,837530656
23,318,5.0,837530656
23,329,3.0,837530656
23,349,5.0,837530632
23,356,5.0,837530727
23,364,5.0,837530746
23,367,3.0,837530746
23,410,2.0,837530712
23,420,5.0,837530761
23,434,5.0,837530675
23,435,3.0,837530775
23,454,5.0,837530727
23,457,4.0,837530676
23,480,5.0,837530727
24,1,4.0,1227219047
24,6,4.0,1227219521
24,16,0.5,1227219917
24,17,3.5,1227219317
24,31,1.0,1227217440
24,34,3.5,1227219430
24,36,2.5,1227219137
24,50,4.5,1227217541
24,62,3.0,1227218939
24,105,1.0,1227217374
24,110,3.5,1227218653
24,249,2.0,1227219178
24,260,0.5,1227220636
24,261,1.0,1227217399
24,300,3.0,1227219716
24,318,4.5,1227217536
24,337,3.0,1227220212
24,348,3.5,1227220283
24,356,4.5,1227218071
24,457,2.5,1227218125
24,474,1.5,1227217883
24,475,2.0,1227217445
24,508,4.0,1227217914
24,538,3.5,1227220624
24,589,3.5,1227219783
24,590,3.0,1227217946
24,593,3.5,1227219024
24,628,2.5,1227217349
24,733,3.5,1227219307
24,762,0.5,1227217404
24,838,2.5,1227219155
24,852,1.5,1227217354
24,858,1.0,1227217602
24,899,2.5,1227217455
24,912,1.0,1227217561
25,239,3.0,1334628909
25,296,4.5,1334628965
25,356,4.0,1334629410
25,364,4.5,1335395411
25,457,3.5,1334629507
25,480,3.5,1335395445
25,541,3.0,1334629052
25,608,4.0,1334629251
25,750,5.0,1334629070
25,924,4.0,1334629047
25,953,3.0,1334629368
25,1019,4.5,1334628780
25,1025,3.0,1334628821
25,1027,2.5,1334628749
25,1033,4.0,1334628872
25,1079,4.5,1335401689
26,6,4.0,892779338
26,17,5.0,895408703
26,25,4.0,892779338
26,32,4.0,892779310
26,36,4.0,892779338
26,39,2.0,910455230
26,70,4.0,905334210
26,79,2.0,894813793
26,81,3.0,892779367
26,104,4.0,904188419
26,110,4.0,895932867
26,111,4.0,900480524
26,156,4.0,892779338
26,165,3.0,905334334
26,224,3.0,895932812
26,260,4.0,892779338
26,280,4.0,908423294
26,292,3.0,905334334
26,296,5.0,905334476
26,300,3.0,905334652
26,306,4.0,905334652
26,318,5.0,905334476
26,368,3.0,905334334
26,377,4.0,905334293
26,380,4.0,905334285
26,442,3.0,905334250
26,457,4.0,905334148
26,475,4.0,905334652
26,480,3.0,905334178
26,485,3.0,912835425
26,507,3.0,905334210
26,555,4.0,905334148
26,589,4.0,905334148
26,590,3.0,905334476
26,593,5.0,905334476
26,608,5.0,892779310
26,628,4.0,892779367
26,648,4.0,892779338
26,778,5.0,892779310
26,780,2.0,905334285
27,13,4.0,838375492
27,16,4.0,838311985
27,19,3.0,838311653
27,26,4.0,838374946
27,34,4.0,838311631
27,48,4.0,838311838
27,105,4.0,838311880
27,110,5.0,838311606
27,150,4.0,838311489
27,153,3.0,838375289
27,158,3.0,838311820
27,161,3.0,838311573
27,262,4.0,838375666
27,277,3.0,838311880
27,292,3.0,838311573
27,317,4.0,838311653
27,329,4.0,838311555
27,344,2.0,838311526
27,355,3.0,838311931
27,356,4.0,838311606
27,364,5.0,838311630
27,370,3.0,838312017
27,410,3.0,838311605
27,421,4.0,838375106
27,455,5.0,838374609
27,466,3.0,838312051
27,480,4.0,838311630
27,491,3.0,838375054
27,500,5.0,838311704
27,527,5.0,838311704
27,539,3.0,838311729
27,551,3.0,838311858
27,553,4.0,838311754
27,575,4.0,838375147
27,585,3.0,838311894
27,586,3.0,838311729
27,587,5.0,838311729
28,47,5.0,975105620
28,70,1.0,975105470
28,111,5.0,975105547
28,223,5.0,975107172
28,233,4.0,975108025
28,541,5.0,975106999
28,1093,4.0,975107234
28,1094,4.0,975106319
28,1126,4.0,975105415
29,6,3.0,835501543
29,7,3.0,835501560
29,9,3.0,835501543
29,10,5.0,835501499
29,11,3.0,835502625
29,14,3.0,835501924
29,30,4.0,835501791
29,36,5.0,835501755
29,47,5.0,835502560
29,50,5.0,835502443
29,62,4.0,835501823
29,70,3.0,835501898
29,95,3.0,835501898
29,110,4.0,835502469
29,117,3.0,835501844
29,150,4.0,835501418
29,153,3.0,835501445
29,161,3.0,835501500
29,165,3.0,835501445
29,200,3.0,835502398
29,214,5.0,835502521
29,231,3.0,835501473
29,280,3.0,835502540
29,290,4.0,835502469
29,292,4.0,835501499
29,296,5.0,835501418
29,306,4.0,835502597
29,316,3.0,835501473
29,318,5.0,835501473
29,339,4.0,835501499
29,344,2.0,835501445
29,349,3.0,835501445
29,356,4.0,835502469
29,373,3.0,835502583
29,377,3.0,835502625
29,380,4.0,835501418
29,394,3.0,835502678
29,434,5.0,835501499
29,456,4.0,835502727
29,457,4.0,835502469
29,474,3.0,835502560
29,475,5.0,835502469
29,497,4.0,835502583
29,508,4.0,835502501
29,515,5.0,835502560
29,588,3.0,835501445
29,590,4.0,835501418
29,592,3.0,835501418
30,34,4.0,955125491
30,111,5.0,955125238
30,296,3.0,955125372
30,428,3.0,955125561
30,527,4.0,955125147
30,541,4.0,955125656
30,592,5.0,955126123
30,593,5.0,955125459
30,608,5.0,955125439
30,858,5.0,955125063
30,923,4.0,955125097
30,986,5.0,955125561
30,1030,4.0,955124798
30,1036,5.0,955125656
30,1081,3.0,955126539
30,1097,5.0,955125619
30,1101,5.0,955126202
30,1124,5.0,955126233
30,1127,5.0,955126202
31,1,4.0,1170434503
31,2,3.5,1170434652
31,32,4.0,1170434946
31,47,4.0,1170435620
31,50,4.0,1170349106
31,62,3.5,1170350479
31,110,3.0,1170349136
31,112,4.0,1170435269
31,164,3.5,1170348858
31,172,4.0,1170435092
31,198,4.0,1170435061
31,208,3.5,1170435100
31,223,4.5,1170435700
31,249,3.5,1170348827
31,253,4.0,1170434597
31,260,4.5,1170349262
31,293,4.5,1170435617
31,296,4.0,1170435607
31,316,3.5,1170435079
31,318,4.5,1170349164
31,329,4.0,1170435051
31,338,3.0,1170348871
31,353,5.0,1170349895
31,356,4.0,1170435749
31,364,3.0,1170350469
31,377,4.0,1170435863
31,434,2.5,1170350477
31,454,3.0,1170350464
31,480,4.0,1170435012
31,491,3.5,1170348808
31,502,3.5,1170435292
31,514,3.0,1170348852
31,527,5.0,1170349253
31,541,4.5,1170349122
31,587,3.5,1170434644
31,589,4.0,1170350459
31,592,4.0,1170349998
31,593,3.5,1170349179
31,671,4.0,1170348776
31,704,3.0,1170435279
31,741,3.5,1170350236
31,780,3.5,1170435046
31,799,3.5,1170348803
31,839,2.0,1170349902
31,858,5.0,1170350481
31,903,3.0,1170362525
31,904,4.5,1170350842
31,908,4.0,1170350858
31,909,5.0,1170351511
31,910,4.0,1170351527
31,912,5.0,1170350850
31,913,5.0,1170350877
31,919,4.0,1170349873
31,922,4.0,1170362474
31,923,2.0,1170351551
31,924,2.0,1170434942
32,3,2.0,858717623
32,5,3.0,858717623
32,6,4.0,858717623
32,7,3.0,858717623
32,25,3.0,858717344
32,32,5.0,858717344
32,36,3.0,858717622
32,95,3.0,858717344
32,104,3.0,858717706
32,112,3.0,858717705
32,260,3.0,858717705
32,376,3.0,858717705
32,608,4.0,858717623
32,648,3.0,858717344
32,733,4.0,858717623
32,762,1.0,858718198
33,468,4.0,1197643632
33,485,2.5,1197643583
33,524,4.5,1197643697
33,1095,3.5,1197643725
34,65,4.0,1278807330
34,69,2.5,1278807388
34,267,1.5,1278807800
34,379,0.5,1278807291
35,1,4.0,1193293245
35,29,5.0,1193897069
35,32,4.0,1193293592
35,50,5.0,1193293612
35,107,4.0,1193293126
35,110,3.5,1193293489
35,153,3.5,1193293713
35,260,4.0,1193293666
35,296,5.0,1193293455
35,318,5.0,1193293260
35,356,4.5,1193293523
35,364,4.0,1193293692
35,480,3.5,1193293334
35,500,5.0,1193293729
35,527,4.0,1193293336
35,541,3.5,1193293838
35,588,4.5,1193293621
35,593,4.5,1193293258
35,595,3.5,1193293589
35,750,5.0,1193293832
35,780,3.0,1193293580
35,858,4.5,1193293557
35,898,4.5,1193293128
35,904,4.0,1193293825
35,955,5.0,1193294038
35,1037,3.0,1193293082
35,1073,4.0,1193293725
35,1077,3.5,1193293088
36,10,3.0,840872001
36,150,5.0,840871576
36,153,3.0,840871647
36,161,5.0,840871716
36,165,4.0,840871646
36,185,3.0,840872001
36,231,2.0,840871674
36,300,4.0,840872129
36,318,5.0,840871716
36,339,3.0,840871946
36,344,1.0,840871647
36,349,5.0,840871647
36,356,5.0,840871946
36,364,3.0,840872068
36,377,5.0,840872129
36,434,3.0,840871946
36,454,4.0,840872068
36,457,5.0,840871674
36,480,4.0,840872001
37,1,3.5,1086817531
37,6,4.5,1086783108
37,10,3.0,1086816645
37,27,3.0,1087272735
37,32,4.0,1086784355
37,47,3.5,1086784023
37,50,4.0,1086783403
37,70,3.5,1087272618
37,97,4.0,1095218285
37,110,3.0,1087272638
37,111,4.0,1086783624
37,123,5.0,1087272822
37,158,2.5,1086782526
37,161,4.0,1086817534
37,180,3.5,1087272658
37,208,2.5,1088142924
37,223,4.0,1086782736
37,235,4.0,1086783481
37,241,1.5,1092534305
37,253,2.5,1086784894
37,260,4.5,1086783763
37,292,3.0,1086817147
37,293,4.0,1086784064
37,318,4.0,1086783822
37,329,2.5,1086816643
37,349,3.5,1088142873
37,380,2.5,1086817478
37,393,2.0,1097277096
37,431,4.0,1086783368
37,457,3.5,1093784428
37,480,3.0,1097276812
37,485,3.0,1093784332
37,509,3.0,1088142968
37,527,4.0,1086783720
37,541,3.0,1086784672
37,586,2.0,1087273068
37,587,3.0,1086816471
37,589,3.5,1086784156
37,590,3.5,1087273201
37,593,4.0,1086783634
37,597,3.0,1086817498
37,608,4.0,1086783565
37,733,3.0,1086817435
37,741,3.0,1086783986
37,750,3.5,1086782686
37,754,2.5,1092534286
37,780,2.5,1087273244
37,858,4.0,1086783469
38,1,4.0,1137849858
38,21,4.0,1137850282
38,25,2.5,1142892895
38,32,4.5,1138474167
38,39,3.5,1137850342
38,47,4.5,1138474092
38,50,4.5,1138476766
38,70,4.5,1138476837
38,76,4.0,1138496161
38,95,4.0,1138481661
38,110,3.0,1138475062
38,111,2.5,1138476851
38,145,4.0,1137850248
38,150,2.0,1137849820
38,163,3.0,1142893556
38,165,4.0,1138474471
38,168,3.0,1137720442
38,173,4.5,1138476874
38,177,4.0,1138500130
38,180,5.0,1137720687
38,185,2.0,1137850261
38,196,2.5,1138495511
38,198,4.0,1138481524
38,208,3.0,1137850258
38,223,4.5,1137720843
38,253,3.0,1138474442
38,260,4.5,1137853371
38,261,0.5,1138481571
38,273,4.0,1138495524
38,277,2.0,1142892810
38,280,2.5,1137720796
38,292,3.0,1137850254
38,296,5.0,1138475009
38,316,4.5,1137850242
38,317,3.5,1142892866
38,318,4.5,1137849827
38,327,5.0,1138495913
38,329,4.0,1137853385
38,342,1.5,1137850133
38,349,4.0,1142893560
38,353,4.5,1137720800
38,355,1.0,1137850194
38,357,1.0,1137850127
38,366,3.5,1138500761
38,367,3.0,1137850168
38,368,3.5,1137850116
38,379,1.5,1138496072
38,380,4.0,1137849847
38,382,3.5,1138499911
38,435,1.5,1137850188
38,442,4.5,1138495475
38,454,3.0,1137850155
38,474,4.0,1138476808
38,475,3.5,1137850122
38,480,3.5,1138475028
38,485,3.5,1137850179
38,520,0.5,1137720425
38,532,1.0,1138499464
38,541,5.0,1137970541
38,553,4.0,1137850111
38,555,5.0,1137854171
38,586,1.0,1137850170
38,589,3.5,1138473976
38,592,3.5,1137721003
38,593,4.0,1137720585
38,596,3.0,1137850164
38,597,1.5,1138481448
38,611,2.0,1138497138
38,661,3.5,1137850143
38,724,4.0,1138499315
38,733,2.0,1137720976
38,737,1.5,1138497150
38,741,4.5,1138474117
38,762,1.5,1137850094
38,780,3.5,1137853346
38,799,4.0,1138474459
38,849,4.0,1138496906
38,879,3.5,1138499223
38,880,0.5,1138496941
38,891,2.5,1138483470
38,902,2.5,1142892856
38,903,4.5,1137720505
38,904,5.0,1138476618
38,912,5.0,1137850081
39,175,4.0,1043555023
39,318,5.0,1073456825
39,356,5.0,1043555373
39,435,1.0,1073456482
39,497,2.0,1073456508
39,594,4.0,1043555277
39,653,3.0,1073456492
39,750,2.0,1073456489
39,785,4.5,1073457341
40,1,3.0,941915861
40,11,3.0,941926694
40,17,5.0,941918444
40,39,2.0,941926316
40,45,4.0,941927411
40,72,5.0,941918577
40,104,2.0,941915981
40,141,5.0,941915498
40,157,2.0,941927883
40,180,5.0,941915713
40,187,3.0,941927124
40,218,3.0,941927842
40,222,3.0,941918234
40,223,4.0,941915981
40,224,3.0,941927344
40,237,3.0,941928141
40,275,4.0,941925605
40,296,3.0,941918379
40,318,4.0,941918546
40,353,1.0,941928878
40,356,4.0,941918837
40,357,3.0,941916014
40,364,4.0,941928747
40,367,3.0,941927802
40,370,1.0,941928077
40,372,4.0,941927563
40,440,3.0,941915404
40,468,3.0,941927842
40,471,5.0,941927196
40,497,5.0,941915825
40,500,3.0,941927453
40,514,4.0,941925653
40,537,2.0,941927498
40,539,3.0,941927802
40,543,3.0,941927498
40,552,2.0,941927977
40,586,1.0,941928016
40,587,3.0,941927802
40,593,3.0,941918152
40,597,3.0,941927802
41,1,3.5,1393378083
41,50,4.0,1393378099
41,101,4.5,1304123198
41,104,4.0,1393377441
41,157,4.0,1304099216
41,231,4.0,1393378142
41,296,2.0,1393378072
41,441,4.5,1303964608
41,527,3.5,1393377046
41,750,3.5,1393377925
41,780,2.5,1393377424
41,913,4.5,1393377171
41,950,4.0,1393377355
41,1136,4.0,1393378150
42,1,5.0,847709089
42,18,3.0,854389788
42,21,4.0,836833386
42,29,3.0,849698831
42,31,4.0,848848930
42,32,5.0,829146214
42,34,5.0,854043669
42,39,4.0,849698810
42,50,5.0,836569319
42,58,4.0,833812118
42,151,4.0,829146469
42,153,4.0,829146469
42,157,3.0,848849827
42,161,5.0,829146469
42,204,4.0,829146470
42,232,5.0,829146469
42,300,4.0,829146469
42,318,5.0,829146469
42,342,5.0,836833959
42,349,4.0,829146469
42,353,5.0,832585750
42,356,5.0,833812136
42,364,4.0,836833439
42,367,3.0,836833864
42,368,3.0,848849458
42,377,5.0,836833459
42,380,4.0,829146470
42,434,4.0,829146469
42,440,4.0,833812168
42,446,5.0,836833418
42,450,4.0,833812325
42,457,4.0,832585800
42,474,3.0,847709264
42,480,3.0,849698787
42,494,4.0,829146214
42,497,5.0,833812146
42,520,3.0,836834200
42,533,4.0,836834170
42,538,5.0,833812189
42,543,3.0,836834095
42,587,5.0,833812177
42,588,5.0,829146469
42,589,3.0,836833478
42,595,5.0,829146469
42,597,4.0,836833506
43,915,3.0,1408585578
43,934,4.0,1408585606
43,1080,1.5,1408586308
43,1197,5.0,1408586031
44,16,5.0,1383611215
44,19,2.0,1383525351
44,22,4.0,1383522761
44,23,4.0,1383527248
44,31,3.0,1383522756
44,34,3.0,1383527354
44,44,3.0,1383522662
44,145,3.0,1383527412
44,150,3.0,1383526757
44,223,4.0,1383611216
44,333,2.0,1383522665
44,344,3.0,1383525351
44,413,2.0,1383525854
44,588,4.0,1383525891
44,628,3.0,1383522664
44,805,3.0,1383522639
45,16,3.5,1424172549
45,17,3.0,1424172653
45,50,4.0,1424157493
45,58,3.0,1424172663
45,97,3.0,1424157745
45,111,4.0,1424157674
45,260,2.0,1424157508
45,296,2.5,1424157558
45,306,4.0,1424172508
45,318,4.0,1424157492
45,475,3.5,1424172970
45,527,2.0,1424157526
45,541,3.0,1424157610
45,593,3.0,1424157562
45,608,3.5,1424172449
45,632,3.0,1424172989
45,665,3.5,1424173012
45,714,4.0,1424157816
45,750,4.0,1424157618
45,858,5.0,1424157498
45,899,3.0,1424172429
45,903,4.0,1424157772
45,904,4.0,1424172382
45,908,4.0,1424172406
45,910,3.0,1424173164
45,912,4.0,1424158305
45,913,3.5,1424173209
45,916,3.0,1424157676
45,923,4.0,1424172400
45,924,3.0,1424173158
45,928,3.0,1424157662
45,930,3.0,1424172494
45,933,3.0,1424172499
45,969,3.5,1424157673
45,994,3.0,1424172879
45,1041,4.0,1424172830
45,1080,4.0,1424158300
45,1084,3.0,1424172547
45,1086,3.5,1424158309
45,1089,3.0,1424157604
46,16,5.0,1288806823
46,25,4.0,1288810671
46,32,3.5,1288813658
46,45,4.0,1288811135
46,50,4.0,1288806908
46,52,3.5,1288812363
46,58,4.0,1288816860
46,81,2.5,1288812301
46,85,4.0,1288817154
46,94,3.5,1288812929
46,101,3.5,1288809968
46,111,3.5,1288809241
46,125,4.0,1288811472
46,154,3.5,1288813026
46,172,3.0,1288813926
46,180,3.0,1288809991
46,215,4.0,1288816976
46,223,3.5,1288809979
46,232,4.0,1288816736
46,235,4.5,1288810813
46,260,4.0,1288814741
46,265,4.0,1288816747
46,296,4.0,1288812173
46,306,4.5,1288813143
46,307,4.0,1288813151
46,337,4.0,1288810129
46,373,4.0,1288814682
46,412,4.0,1288817063
46,417,3.5,1288812804
46,431,3.5,1288812325
46,441,3.5,1288816611
46,471,3.5,1288808527
46,481,3.0,1288818086
46,509,4.0,1288817195
46,527,3.0,1288807337
46,532,3.0,1288811154
46,534,3.5,1288816870
46,541,4.5,1288806363
46,553,3.0,1288807212
46,555,3.5,1288812186
46,599,4.0,1297640596
46,608,4.5,1288806637
46,720,4.0,1288806175
46,750,5.0,1288812600
46,778,4.0,1288806766
46,785,3.5,1288811716
46,800,4.0,1288810907
46,851,4.5,1288807961
46,858,4.5,1288807093
46,902,3.5,1288817226
46,904,4.0,1288808963
46,908,4.0,1288818540
46,909,3.5,1288810529
46,923,5.0,1288807509
46,924,4.0,1288806385
46,930,3.5,1288818531
46,994,4.0,1288816849
46,999,3.0,1288812292
46,1041,4.0,1288810190
46,1060,3.5,1288812910
46,1079,4.0,1288808477
46,1080,5.0,1288808436
46,1086,3.5,1288818570
46,1089,4.0,1288812245
46,1092,3.5,1288814062
47,6,3.0,955122239
47,858,5.0,955122239
47,1092,2.0,955122197
48,21,4.0,962677118
48,32,5.0,962676253
48,34,4.0,962674390
48,45,3.0,962674561
48,101,3.0,962674513
48,125,4.0,962674646
48,144,2.0,962675083
48,157,5.0,962674881
48,223,4.0,962674757
48,224,3.5,1093551573
48,252,4.0,962675037
48,260,3.0,962676730
48,265,2.0,962677205
48,296,5.0,962676956
48,316,2.0,962676443
48,357,3.0,962674539
48,367,2.0,962678037
48,370,4.0,962675227
48,372,4.0,962675005
48,417,2.0,962674794
48,440,3.0,962674679
48,441,1.0,962674539
48,468,4.0,962675083
48,480,3.0,962676409
48,489,2.0,962675392
48,497,4.0,962674646
48,500,4.0,962675005
48,514,3.0,962674606
48,529,4.0,962677020
48,532,2.0,962674757
48,537,3.0,962675249
48,541,4.0,962676580
48,551,3.0,962674416
48,586,1.0,962675420
48,587,3.0,962675155
48,589,3.0,962676253
48,592,2.0,962677542
48,653,2.0,962678136
48,671,4.0,962674832
48,708,4.0,962674728
48,714,4.0,1093551562
48,743,3.0,962675367
48,778,4.0,962674292
48,780,1.0,962676468
48,837,5.0,962674832
48,852,3.0,962674881
48,858,5.0,962677762
48,892,5.0,962674390
48,903,2.0,962678187
48,904,3.0,962678187
48,913,4.0,962677939
48,924,4.0,962678223
48,988,4.0,962674679
48,1028,4.0,962676153
48,1042,4.0,962675037
48,1050,4.0,962677083
48,1077,4.0,962676027
48,1078,4.0,962676062
49,32,3.5,1167006702
49,47,4.5,1167004410
49,50,5.0,1167004423
49,62,3.0,1167007377
49,141,4.0,1167007351
49,161,3.5,1167007339
49,185,3.5,1167007342
49,231,2.0,1167007303
49,253,3.5,1167007331
49,260,1.0,1167006692
49,292,3.5,1167007312
49,293,4.0,1167006649
49,296,4.0,1167004312
49,318,5.0,1167004314
49,356,4.0,1167004282
49,357,4.0,1167007318
49,377,4.0,1167006386
49,434,3.5,1167006439
49,454,3.5,1167007328
49,457,3.0,1167006585
49,480,2.5,1167004286
49,500,3.5,1167007299
49,508,4.0,1167007428
49,509,4.5,1167007440
49,539,4.0,1167007315
49,541,3.5,1167006658
49,586,3.5,1167007368
49,593,4.0,1167004320
49,597,3.5,1167007293
49,648,3.5,1167007271
49,733,4.0,1167006394
49,741,4.5,1167006727
49,750,4.0,1167007594
49,780,2.5,1167004353
49,858,4.0,1167004603
49,903,4.0,1167006025
49,904,3.0,1167005688
50,10,4.0,834950418
50,19,2.0,834950520
50,36,3.0,834950792
50,39,3.0,834950546
50,44,2.0,834950697
50,150,4.0,834950325
50,153,3.0,834950356
50,160,4.0,834950546
50,161,5.0,834950418
50,170,3.0,834951051
50,173,3.0,834950577
50,193,4.0,834950745
50,203,4.0,834950912
50,204,4.0,834950661
50,208,3.0,834950452
50,218,4.0,834950912
50,225,4.0,834950485
50,231,2.0,834950383
50,234,4.0,834950966
50,253,3.0,834950452
50,273,3.0,834950813
50,277,4.0,834950767
50,296,3.0,834950325
50,303,4.0,834951004
50,305,3.0,834950966
50,316,4.0,834950383
50,327,2.0,834951029
50,329,4.0,834950383
50,344,1.0,834950356
50,355,2.0,834950940
50,356,5.0,834950608
50,357,5.0,834950792
50,364,4.0,834950578
50,368,4.0,834951072
50,377,4.0,834950697
50,380,4.0,834950325
50,420,4.0,834950520
50,434,3.0,834950418
50,435,3.0,834950577
50,442,4.0,834950724
